student_id,study_time_hours,attendance_percentage,assignments_completed,lms_clicks,forum_participation,sleep_hours,internet_usage_hours,previous_grade,final_grade
1,7,63,8,310,5,8.2,3.3,80,51.4
2,4,96,7,352,0,6.6,7.7,71,31.4
3,8,77,7,199,22,8.7,4.6,69,57.1
4,5,67,8,434,18,8.0,3.8,77,48.7
5,7,60,1,377,12,7.5,4.6,33,39.3
6,10,93,1,254,5,4.0,6.5,89,69.0
7,3,82,8,362,14,6.1,3.4,68,53.1
8,7,57,4,215,15,5.0,2.3,34,48.8
9,8,75,5,327,23,8.6,5.1,35,53.1
10,5,74,8,99,22,4.9,5.7,43,30.6
11,4,84,5,154,15,5.4,6.0,99,50.6
12,8,94,10,41,9,6.6,7.2,41,72.5
13,8,48,4,496,21,5.3,3.6,91,55.7
14,3,92,6,350,8,5.0,1.5,56,49.0
15,6,77,5,459,8,7.0,7.7,83,55.5
16,5,97,7,244,16,4.4,4.0,41,51.6
17,2,69,10,77,16,4.3,5.4,37,30.0
18,8,99,7,112,16,5.9,5.7,45,55.7
19,6,83,4,211,23,7.6,4.8,81,55.1
20,2,73,5,122,11,6.8,2.4,55,47.9
21,5,71,3,415,12,6.1,6.3,37,39.4
22,1,42,4,26,11,6.8,6.6,74,30.0
23,10,42,4,147,13,5.8,4.9,48,50.6
24,6,67,3,74,9,8.7,4.4,46,39.0
25,9,83,10,250,22,4.3,1.8,94,59.8
26,1,54,5,381,18,7.4,1.6,58,30.0
27,10,80,5,81,1,8.5,3.4,43,62.4
28,3,62,7,259,3,8.0,3.2,46,46.9
29,7,79,4,109,18,4.9,7.7,42,49.6
30,4,50,4,251,6,5.5,6.5,92,46.8
31,9,87,9,476,14,7.6,5.6,62,65.5
32,3,71,6,252,14,4.4,4.6,58,40.5
33,5,97,4,373,23,8.1,2.2,66,59.8
34,3,98,2,352,5,7.6,7.8,75,31.0
35,7,96,6,458,2,7.6,3.6,53,57.9
36,5,93,2,394,5,4.5,1.7,43,39.4
37,9,75,5,311,15,7.6,4.5,34,60.2
38,7,99,6,364,1,7.4,7.1,82,60.8
39,2,72,4,171,6,8.2,7.2,59,37.5
40,4,63,3,447,10,4.2,1.1,89,36.1
41,9,78,7,164,6,4.1,7.2,57,62.5
42,2,73,2,149,3,5.9,2.9,55,41.1
43,10,95,6,160,23,4.7,1.3,47,66.7
44,9,67,4,434,19,6.8,6.9,65,48.5
45,10,76,6,112,6,8.6,7.0,37,49.8
46,5,46,4,133,3,6.0,5.2,47,37.4
47,2,43,4,303,11,8.2,5.0,87,31.9
48,4,76,4,463,4,4.0,6.7,61,44.9
49,7,95,9,430,22,4.8,6.5,78,45.4
50,8,40,7,162,18,4.2,7.2,77,44.0
51,3,40,3,242,4,5.6,4.9,94,50.7
52,1,86,3,251,18,8.5,7.8,62,41.3
53,4,59,6,482,20,4.5,8.0,79,43.0
54,2,58,6,52,2,7.0,1.8,33,45.6
55,8,68,4,295,10,6.3,6.9,65,35.3
56,4,49,9,189,6,8.7,4.5,57,34.5
57,2,99,4,159,16,4.6,3.7,32,35.8
58,6,57,9,376,24,5.1,5.3,35,46.7
59,6,67,4,220,8,4.1,1.4,74,56.0
60,10,74,2,42,20,6.2,4.5,52,49.7
61,4,82,2,475,8,5.4,7.1,36,44.8
62,6,86,5,243,9,8.3,2.5,90,57.1
63,2,70,4,387,12,7.0,4.0,94,53.3
64,10,66,7,289,14,7.1,7.6,35,44.5
65,2,50,5,366,21,6.7,4.0,53,31.1
66,10,88,6,172,4,4.5,3.5,66,60.3
67,4,88,10,352,2,6.2,4.1,74,60.2
68,8,77,4,104,7,9.0,4.6,80,55.8
69,7,44,2,128,19,8.2,5.4,74,45.4
70,9,47,10,50,9,8.5,6.6,92,62.1
71,8,73,9,248,12,8.1,4.2,58,60.1
72,5,87,10,259,2,4.5,6.7,54,55.2
73,2,91,7,397,21,5.1,4.7,39,40.7
74,5,95,4,382,7,4.0,3.4,64,48.4
75,8,51,3,329,8,5.5,5.6,84,48.6
76,10,77,10,408,21,4.5,6.0,54,59.5
77,9,40,3,160,20,6.4,4.9,74,51.3
78,9,70,9,175,11,7.4,1.4,41,54.7
79,1,43,5,318,10,8.4,2.2,33,30.0
80,9,88,3,364,1,7.7,3.0,96,56.9
81,7,84,5,390,17,8.7,3.0,46,57.7
82,9,89,2,118,8,4.3,5.7,94,65.1
83,8,44,4,66,1,4.1,1.1,82,57.9
84,1,69,10,346,1,7.3,6.3,86,42.5
85,8,95,2,441,2,5.4,2.9,57,45.2
86,8,63,2,499,15,5.3,3.2,45,44.3
87,3,98,8,86,18,5.7,4.7,50,45.1
88,1,42,1,81,3,5.3,2.5,71,34.3
89,8,50,7,128,22,6.6,7.2,83,37.8
90,3,84,5,186,24,6.2,1.6,61,45.8
91,3,43,8,56,17,6.6,4.1,67,40.5
92,1,65,1,138,19,7.4,6.9,99,34.7
93,5,66,7,105,24,5.9,5.3,67,46.7
94,10,85,5,401,17,5.3,3.0,83,62.1
95,7,93,4,411,9,4.8,3.9,89,55.9
96,10,82,7,484,10,5.7,5.9,76,61.2
97,9,66,10,71,16,7.7,7.8,41,47.2
98,7,81,2,110,23,7.8,7.3,82,60.2
99,9,90,1,308,24,7.3,3.4,62,54.7
100,8,89,1,356,22,5.2,8.0,57,46.4
101,2,45,1,317,23,6.9,1.0,32,38.5
102,1,98,5,223,19,6.9,1.2,55,50.1
103,7,54,10,387,15,6.4,6.8,83,39.4
104,7,92,7,257,19,6.7,2.4,69,54.6
105,8,69,2,401,12,6.5,1.4,95,61.5
106,5,81,10,174,1,6.8,2.7,97,61.5
107,3,76,8,259,23,7.6,4.0,76,37.1
108,8,97,4,155,1,4.5,6.1,31,59.8
109,6,76,3,426,24,7.7,5.4,71,56.6
110,3,81,10,381,13,4.7,2.7,63,49.7
111,1,99,8,400,3,4.3,4.5,50,50.6
112,3,76,2,388,16,8.9,7.5,73,46.0
113,5,74,3,83,12,8.8,6.7,31,42.9
114,3,62,3,142,3,4.3,3.3,88,53.5
115,1,45,10,273,2,6.2,7.9,45,34.6
116,5,43,1,496,11,4.9,6.0,49,30.0
117,10,57,6,133,21,6.4,1.4,55,60.2
118,7,99,2,39,22,8.2,1.2,45,51.1
119,7,48,1,35,7,8.8,2.2,99,56.6
120,9,88,2,164,1,7.2,6.1,52,59.8
121,10,68,6,227,5,5.8,2.3,71,51.3
122,10,52,4,38,21,7.0,4.6,66,53.5
123,3,98,6,395,9,5.6,1.7,35,45.8
124,7,86,9,411,11,8.5,7.4,66,54.2
125,1,91,10,185,20,8.4,3.4,51,45.2
126,4,56,10,57,9,6.8,7.4,35,41.3
127,4,84,8,200,9,5.6,7.6,61,46.0
128,5,71,1,368,22,5.5,1.0,46,43.8
129,7,87,8,124,2,4.2,4.2,67,66.3
130,7,61,9,119,19,8.1,1.2,46,53.2
131,4,43,6,109,9,6.3,7.4,66,37.8
132,7,44,10,434,8,5.6,4.6,52,37.7
133,3,76,5,319,19,6.4,1.5,78,51.7
134,6,80,6,463,18,8.1,1.8,90,61.5
135,2,88,6,351,13,4.6,3.7,78,55.0
136,10,52,9,420,1,8.3,7.6,90,61.2
137,9,73,4,98,4,8.5,5.9,61,43.5
138,5,84,2,92,19,8.7,7.1,92,41.8
139,6,61,9,442,7,6.0,3.6,36,48.3
140,4,92,2,445,6,5.1,1.3,51,42.1
141,10,98,10,195,5,5.9,7.8,35,63.6
142,7,62,9,415,10,5.7,1.1,90,58.6
143,9,90,2,115,11,4.9,7.6,43,52.1
144,7,42,8,364,17,7.0,3.6,45,42.0
145,1,81,9,122,18,6.4,1.1,32,30.2
146,1,73,10,421,9,8.3,5.8,38,34.5
147,9,71,9,482,24,4.2,7.9,76,54.0
148,9,84,10,243,24,7.2,7.8,71,59.8
149,4,90,9,25,20,7.8,2.1,71,51.8
150,9,97,2,141,13,7.8,2.3,52,59.3
151,3,88,4,255,2,8.4,5.0,32,46.1
152,7,60,7,446,17,7.6,5.5,30,42.1
153,6,85,2,135,23,8.6,6.2,96,64.8
154,8,83,1,182,14,5.7,2.3,32,60.1
155,9,60,3,245,5,6.5,7.7,78,60.0
156,5,83,4,249,9,4.1,5.5,96,57.5
157,1,50,8,201,11,4.0,6.9,84,36.6
158,3,78,6,268,6,5.2,4.8,33,42.9
159,10,43,2,337,16,4.5,3.9,60,49.7
160,8,90,9,472,0,5.3,7.8,95,71.6
161,6,40,2,229,17,4.9,5.1,93,48.8
162,8,67,5,163,14,4.1,7.1,60,47.2
163,9,63,4,411,18,8.5,7.7,92,65.3
164,4,74,7,364,0,4.0,5.7,95,50.8
165,1,52,8,115,4,7.7,4.8,60,32.2
166,1,86,5,401,14,4.8,1.0,76,40.3
167,10,73,10,365,2,8.6,1.3,51,63.3
168,4,50,5,263,0,8.5,2.4,75,50.0
169,7,75,2,105,7,7.3,2.3,87,63.4
170,2,90,8,434,11,7.4,2.8,90,54.3
171,3,56,2,413,21,4.0,3.1,75,42.1
172,1,74,10,203,24,8.9,3.5,30,43.6
173,5,99,6,140,18,8.4,3.9,54,52.3
174,1,57,8,351,24,8.5,1.7,90,34.3
175,8,79,6,111,24,7.3,1.3,43,63.5
176,1,61,4,89,11,5.7,5.7,74,30.8
177,1,96,4,423,12,8.5,4.8,68,39.1
178,2,63,6,152,0,5.5,4.1,95,30.9
179,2,97,4,298,18,6.8,5.4,61,48.1
180,6,58,8,156,5,4.5,6.8,87,38.4
181,7,76,9,333,7,8.6,4.0,85,55.0
182,5,78,1,206,3,4.7,5.5,35,43.2
183,1,60,4,240,4,5.1,7.7,96,42.5
184,1,47,4,483,24,6.8,6.9,79,30.0
185,3,67,2,457,21,7.8,4.0,67,39.6
186,2,44,6,65,6,7.1,5.5,32,30.0
187,5,56,3,297,22,5.2,2.2,34,32.5
188,10,76,7,211,3,4.0,4.9,53,59.5
189,6,75,5,27,19,7.8,7.9,83,49.3
190,7,93,4,398,3,8.9,4.6,63,55.8
191,4,58,5,295,14,8.0,7.5,68,30.6
192,7,66,8,198,20,6.3,3.9,77,62.5
193,8,92,3,353,4,8.5,8.0,78,63.9
194,1,73,7,58,23,6.0,5.1,63,42.9
195,6,50,6,312,8,6.6,1.3,36,49.4
196,8,93,1,197,1,6.4,5.1,47,48.0
197,5,84,7,181,6,6.2,2.9,99,55.9
198,4,86,7,350,16,7.9,1.2,63,37.7
199,2,51,1,393,15,6.6,6.7,80,56.2
200,6,93,9,123,16,5.6,2.9,97,62.5
201,6,60,6,180,19,5.3,6.6,43,48.2
202,1,93,2,306,22,4.2,3.0,98,38.3
203,9,50,5,142,1,6.9,2.4,37,54.1
204,6,78,4,73,10,5.1,7.8,44,57.0
205,3,67,7,447,1,4.7,3.5,88,45.5
206,4,44,8,53,0,7.3,5.2,40,30.0
207,4,56,1,261,1,7.4,5.3,49,34.4
208,3,95,5,474,22,7.8,4.9,84,36.4
209,10,59,3,397,8,6.5,7.4,65,53.5
210,3,80,1,132,21,8.5,5.7,43,43.7
211,3,85,3,337,1,8.7,3.8,87,49.8
212,4,97,6,42,14,8.0,7.0,67,49.2
213,7,51,7,65,9,7.2,2.3,30,45.9
214,4,45,8,331,14,5.5,4.8,94,48.6
215,9,56,4,154,9,8.9,7.7,30,33.5
216,1,90,3,137,24,5.4,5.4,89,44.9
217,8,58,5,492,22,5.0,6.7,54,64.0
218,7,65,9,208,16,6.2,5.6,39,37.0
219,2,87,6,150,8,4.3,6.9,79,43.7
220,8,83,9,441,17,8.9,7.6,41,67.7
221,1,83,6,231,3,6.9,2.9,61,48.2
222,9,91,2,437,8,6.8,2.2,62,57.4
223,9,71,5,132,15,7.3,4.4,55,56.6
224,2,45,9,63,3,6.5,5.9,71,35.2
225,7,94,8,147,15,4.2,2.6,79,56.4
226,10,97,7,383,18,7.1,1.0,90,73.3
227,3,75,1,177,0,7.6,3.4,70,40.9
228,7,77,4,292,22,6.1,7.8,86,55.9
229,10,50,7,334,5,7.8,5.9,31,42.9
230,9,72,7,413,9,5.1,3.8,99,55.5
231,4,63,6,374,15,5.1,2.3,60,41.9
232,1,62,8,359,3,4.8,3.5,52,45.1
233,2,54,6,421,21,5.9,2.2,83,40.5
234,1,66,10,64,21,8.2,1.7,57,36.3
235,5,50,3,127,12,8.1,7.3,48,41.8
236,5,96,4,238,15,5.9,8.0,77,51.7
237,7,90,3,462,19,6.9,2.1,31,63.2
238,9,89,1,337,5,7.6,1.4,40,56.3
239,9,56,10,334,10,5.2,3.3,73,62.0
240,3,90,5,196,23,4.8,4.2,88,45.1
241,3,92,1,247,2,8.9,2.4,88,55.4
242,3,53,1,210,19,7.1,3.1,67,38.6
243,4,66,2,490,9,8.9,2.4,54,41.2
244,8,57,4,179,0,5.7,6.4,50,42.4
245,6,67,6,413,19,7.5,6.0,71,45.2
246,8,90,8,286,10,5.1,5.4,65,61.3
247,1,86,3,377,11,5.3,3.7,38,38.3
248,8,86,1,345,13,6.6,7.4,41,48.9
249,4,43,3,398,24,5.6,7.8,39,31.0
250,1,46,3,209,7,4.8,2.2,88,34.1
251,8,84,5,194,10,5.3,2.6,34,52.3
252,4,74,4,309,3,4.2,4.7,62,41.2
253,6,87,4,376,6,7.5,1.6,98,61.4
254,8,48,9,164,9,6.5,4.1,92,75.0
255,4,47,7,251,18,4.5,5.1,58,38.7
256,3,91,4,379,24,4.9,4.7,47,46.3
257,9,84,3,457,3,4.5,3.3,35,55.7
258,3,56,6,223,1,7.1,4.8,82,40.2
259,9,56,3,232,20,4.5,7.7,61,57.7
260,2,88,6,59,17,7.8,2.4,71,44.9
261,2,72,9,294,13,4.1,5.6,76,49.3
262,2,71,6,342,15,5.2,1.3,60,37.4
263,6,47,4,101,21,8.5,1.5,91,43.7
264,3,58,5,200,10,7.6,4.9,85,45.4
265,9,77,6,339,9,4.4,1.7,40,46.4
266,4,42,3,102,16,8.1,1.2,55,40.2
267,1,98,8,322,13,6.5,2.2,56,36.0
268,4,44,4,281,21,8.2,5.0,86,39.6
269,1,52,8,291,3,7.0,5.9,56,30.0
270,5,86,10,219,18,7.4,2.4,88,78.9
271,4,85,10,259,1,9.0,5.7,91,44.5
272,8,70,3,421,6,5.2,2.3,49,50.3
273,8,94,10,199,8,7.1,5.3,32,63.8
274,7,55,7,451,18,6.3,3.9,45,52.2
275,3,89,9,190,15,4.2,5.6,73,54.1
276,1,71,4,314,21,4.1,8.0,59,30.0
277,1,61,8,196,24,4.6,7.6,69,43.5
278,3,68,3,388,15,7.2,1.0,94,54.3
279,6,61,7,415,17,6.8,7.2,58,46.6
280,7,82,3,256,22,6.8,1.5,59,55.6
281,6,42,7,157,20,4.2,7.7,61,37.3
282,6,93,10,346,20,6.3,3.0,39,46.3
283,6,49,10,385,10,8.6,3.7,80,59.4
284,3,81,6,330,6,6.0,1.6,37,49.5
285,6,60,2,148,8,7.1,1.8,80,43.5
286,8,55,3,68,3,7.9,6.1,65,48.1
287,2,51,6,183,24,7.9,7.6,84,36.7
288,5,41,4,296,12,6.6,5.3,64,38.0
289,1,80,6,312,24,8.3,6.0,65,40.1
290,1,63,1,135,3,6.0,6.3,85,42.2
291,5,74,10,43,18,8.4,2.8,65,46.6
292,3,95,1,330,1,5.2,1.3,90,45.8
293,4,69,3,44,8,5.4,1.0,91,57.8
294,3,96,8,410,11,4.3,3.5,54,43.5
295,1,69,8,146,1,8.0,2.7,93,36.2
296,1,86,4,253,5,6.1,1.4,89,42.8
297,5,74,6,228,4,5.1,2.3,86,50.3
298,6,58,8,112,4,5.2,1.9,99,65.8
299,3,89,7,113,19,8.5,7.4,81,56.5
300,9,47,7,346,21,8.2,2.0,85,65.9
301,5,65,4,244,4,6.8,4.8,92,55.9
302,8,88,9,474,3,7.1,5.2,97,73.5
303,1,79,10,397,8,6.4,4.8,49,33.0
304,5,46,6,299,21,6.0,1.7,83,44.4
305,3,69,3,30,9,8.6,3.2,30,30.0
306,1,46,5,348,15,4.6,1.4,39,30.0
307,4,42,5,31,9,6.1,3.8,52,39.3
308,5,40,5,54,9,5.7,2.3,80,43.6
309,7,75,8,466,18,6.5,4.9,53,60.8
310,1,64,9,471,9,6.3,5.8,42,30.0
311,3,76,9,247,5,6.6,4.7,58,47.1
312,2,40,6,239,16,4.7,4.0,87,30.0
313,9,54,6,460,4,6.6,3.7,72,55.5
314,10,76,9,160,5,5.2,6.9,39,60.6
315,6,52,4,42,23,4.9,2.5,60,41.7
316,10,79,6,102,14,4.3,6.1,43,59.3
317,3,47,4,248,24,7.8,6.3,63,30.0
318,8,44,1,442,18,6.1,3.9,46,30.2
319,8,99,7,363,17,7.1,3.1,50,64.1
320,2,48,10,99,3,7.6,4.3,96,55.1
321,6,40,6,372,7,7.4,1.7,87,41.3
322,7,75,9,415,15,6.4,1.3,37,59.3
323,2,74,7,309,23,5.9,1.8,67,42.8
324,10,41,7,474,18,5.9,2.3,55,42.2
325,2,79,2,350,19,7.2,4.5,93,37.8
326,10,62,9,178,2,6.5,6.9,59,56.7
327,1,48,10,496,9,8.2,2.6,38,30.0
328,8,73,9,147,1,8.4,7.5,61,46.2
329,1,85,6,209,3,4.9,7.7,40,30.0
330,9,53,3,416,5,4.7,7.7,63,42.4
331,6,43,1,50,10,7.2,6.9,47,37.2
332,7,69,4,405,13,5.5,3.5,48,47.3
333,10,70,3,378,15,4.1,1.5,83,58.4
334,7,77,1,34,20,8.4,5.0,66,53.6
335,10,50,3,332,18,5.1,4.9,41,54.6
336,3,74,4,94,1,8.6,6.9,33,38.2
337,2,47,8,53,24,7.6,8.0,72,34.1
338,9,42,9,378,16,7.8,4.6,56,56.8
339,8,53,3,215,8,5.0,3.4,80,44.8
340,10,99,6,350,16,5.2,2.3,34,59.4
341,7,52,10,48,14,6.6,1.0,35,43.9
342,9,84,5,213,6,4.9,4.6,85,54.5
343,4,71,6,35,21,5.5,4.9,97,47.5
344,4,73,4,442,22,5.6,6.8,73,30.0
345,1,84,10,96,18,4.8,4.5,44,50.8
346,8,58,6,312,2,5.0,7.4,71,43.9
347,3,98,7,100,0,7.9,5.4,40,55.9
348,7,77,9,424,3,4.8,6.9,40,48.5
349,2,55,10,447,17,4.1,2.0,95,47.8
350,2,41,7,143,7,7.1,7.0,56,30.0
351,7,79,6,38,18,8.9,5.7,87,60.7
352,6,56,1,474,22,5.7,2.2,50,45.8
353,3,94,2,121,22,4.6,2.3,50,47.8
354,9,73,1,411,24,6.9,7.5,30,52.4
355,10,81,9,96,5,8.5,1.2,87,68.2
356,6,99,10,248,0,7.9,4.2,42,51.6
357,10,55,10,469,7,7.1,3.2,35,41.5
358,10,77,9,316,0,5.6,5.7,87,69.8
359,6,99,7,222,18,6.7,6.9,46,59.9
360,1,41,2,491,10,4.5,3.5,41,33.8
361,4,41,6,473,20,7.4,4.0,81,43.3
362,10,65,4,80,23,7.6,7.9,99,57.5
363,6,52,1,45,24,8.8,6.5,81,34.0
364,6,95,1,90,14,5.3,7.3,66,58.7
365,5,86,5,122,22,4.1,4.1,32,30.3
366,1,70,2,486,24,6.7,2.6,37,30.0
367,8,99,4,345,10,7.5,3.9,39,54.8
368,5,73,1,382,18,8.0,6.0,76,47.0
369,5,78,4,176,20,5.0,1.8,70,49.9
370,7,42,6,382,9,5.3,2.9,93,51.8
371,4,47,10,378,23,6.6,1.3,71,30.0
372,6,62,4,213,11,5.7,4.0,72,47.9
373,4,53,1,294,0,8.3,6.8,38,30.0
374,3,95,7,343,23,6.4,1.2,43,51.1
375,7,94,2,205,6,8.0,5.7,33,45.9
376,8,66,9,345,16,6.9,7.5,31,31.8
377,4,93,3,132,9,7.9,2.7,30,37.7
378,2,68,8,332,5,5.7,5.9,94,40.7
379,10,78,8,184,16,8.2,7.8,75,72.0
380,3,92,3,80,17,5.4,7.7,88,49.8
381,1,78,4,111,4,6.7,2.6,36,35.7
382,8,40,2,305,17,5.1,1.7,95,60.0
383,3,56,4,474,16,6.4,2.0,44,33.8
384,10,80,9,476,21,5.6,5.9,76,69.8
385,7,69,2,172,15,5.3,6.1,69,53.9
386,10,92,3,244,7,8.8,5.7,71,56.2
387,5,52,4,146,23,4.8,3.4,80,54.5
388,10,60,5,212,12,7.9,2.2,64,48.2
389,5,58,1,134,23,8.9,5.1,70,49.8
390,7,92,7,281,15,4.1,4.4,86,50.4
391,9,58,10,37,10,7.5,6.1,67,60.3
392,5,96,7,29,5,5.3,4.1,37,61.0
393,1,64,9,111,2,4.2,3.4,92,40.3
394,10,61,4,158,0,6.0,3.1,33,48.5
395,10,70,6,468,17,8.7,2.5,77,68.3
396,1,56,2,352,4,4.1,2.9,81,32.0
397,2,94,4,376,12,6.9,1.7,67,59.2
398,6,62,2,359,9,6.5,3.4,34,41.2
399,9,71,10,468,4,8.4,1.3,99,66.4
400,8,49,5,71,13,4.4,2.3,53,42.6
401,5,49,7,214,16,7.4,6.2,46,31.5
402,1,75,1,485,0,7.4,3.3,55,30.4
403,7,47,10,225,24,7.3,5.7,32,39.0
404,5,93,10,306,1,8.7,6.0,31,44.9
405,6,91,7,494,6,8.1,5.1,31,44.3
406,7,59,10,420,9,4.2,7.7,51,60.4
407,3,71,6,458,19,6.4,1.2,33,30.2
408,10,89,6,385,6,6.0,6.2,67,64.6
409,3,53,8,112,23,5.6,7.7,99,47.6
410,5,89,8,439,15,6.3,7.0,81,59.0
411,6,67,6,429,4,5.9,2.2,60,48.2
412,9,85,3,328,11,6.2,3.3,55,56.0
413,5,91,5,164,16,8.9,2.2,65,57.3
414,1,92,2,105,15,4.4,5.2,55,39.0
415,4,63,5,172,19,8.6,6.0,57,39.1
416,5,54,9,21,15,6.4,3.2,34,30.0
417,10,61,10,361,18,7.1,4.8,47,52.5
418,10,69,1,408,14,8.2,5.8,44,44.7
419,5,43,10,279,11,5.8,3.9,86,41.7
420,7,52,5,183,20,6.2,7.0,34,39.6
421,4,98,6,25,9,6.0,6.4,66,53.0
422,1,62,7,168,21,5.9,1.5,51,46.4
423,5,47,9,224,1,8.6,5.3,81,42.8
424,7,57,6,137,6,8.1,2.6,44,51.7
425,10,51,5,108,12,4.5,4.9,46,51.4
426,10,94,7,173,2,4.5,7.7,80,75.5
427,6,70,1,458,14,6.1,7.2,74,51.3
428,5,53,5,186,0,4.5,3.8,92,39.9
429,4,73,2,487,2,7.1,3.0,57,30.6
430,2,57,4,180,24,4.7,2.6,88,42.1
431,4,95,7,289,9,6.6,4.7,50,44.5
432,10,73,5,75,14,4.0,1.8,71,54.2
433,10,50,6,247,21,5.6,4.8,98,51.6
434,3,80,2,356,5,7.4,1.0,46,42.0
435,10,51,3,168,19,6.4,3.3,97,70.8
436,1,88,7,65,14,8.9,2.5,36,35.5
437,8,54,2,163,23,8.4,7.8,69,52.7
438,5,96,6,257,20,5.8,6.1,69,52.4
439,4,70,5,291,6,4.2,3.4,72,35.8
440,8,88,10,139,24,8.2,1.6,80,71.4
441,7,97,1,359,20,8.6,4.6,52,47.0
442,2,68,10,432,4,8.1,2.5,61,42.2
443,1,65,4,239,3,4.6,4.8,60,30.3
444,4,57,2,27,21,9.0,6.8,46,41.8
445,8,71,4,363,17,5.3,5.3,87,49.7
446,2,61,1,406,2,7.6,5.4,64,37.4
447,3,77,2,492,16,8.5,4.8,59,35.5
448,1,56,8,294,17,5.2,7.5,93,34.4
449,1,62,6,372,17,8.5,7.5,82,30.0
450,3,63,2,85,23,5.5,4.6,80,55.3
451,5,89,6,98,23,8.9,3.1,66,57.7
452,3,47,10,105,1,5.4,4.2,35,30.0
453,1,80,9,143,12,8.8,2.3,63,35.0
454,1,45,7,221,21,4.3,5.5,85,30.2
455,8,44,9,485,14,7.5,4.5,54,52.8
456,10,83,5,169,4,6.7,1.7,42,45.9
457,2,96,7,65,2,6.4,2.4,92,51.9
458,3,68,7,132,4,5.1,4.4,95,59.7
459,2,67,3,110,4,7.5,7.2,34,30.0
460,3,50,7,160,4,5.0,5.0,40,32.1
461,7,96,1,308,2,6.8,5.8,73,72.5
462,1,40,9,408,2,5.3,3.4,98,42.0
463,10,82,10,237,19,8.8,5.0,31,59.5
464,8,58,6,96,22,4.1,4.1,69,54.8
465,10,48,5,430,17,5.0,5.6,66,49.6
466,10,66,7,396,19,5.2,1.4,78,71.6
467,10,73,5,403,3,6.1,4.5,65,56.8
468,2,83,10,353,0,5.2,3.1,99,37.9
469,3,43,5,171,15,6.5,3.3,63,32.2
470,9,75,10,342,7,8.4,7.7,87,57.2
471,7,57,7,258,16,7.6,2.3,66,49.1
472,4,54,10,134,7,6.9,3.2,89,46.3
473,10,90,7,338,6,4.4,4.6,41,67.5
474,5,52,3,388,24,7.5,7.0,61,44.3
475,2,58,3,113,7,4.8,3.9,33,30.0
476,8,88,10,67,20,7.9,6.2,62,60.2
477,4,45,3,210,23,5.3,7.0,72,30.0
478,9,87,6,481,11,6.1,3.2,38,41.0
479,5,95,6,31,15,5.8,3.7,80,57.1
480,9,51,3,175,11,8.3,3.5,49,54.5
481,4,90,3,191,18,4.6,6.8,68,45.7
482,10,76,8,496,9,6.8,1.3,52,57.4
483,5,56,8,446,6,4.7,3.2,70,48.5
484,9,97,7,420,11,7.5,5.8,73,65.1
485,8,62,10,315,19,8.5,5.0,64,66.9
486,3,65,4,196,4,6.2,4.1,52,45.8
487,1,68,4,360,15,6.4,4.8,87,46.4
488,3,72,3,76,8,8.6,2.4,77,50.8
489,4,99,5,362,6,6.6,4.0,87,46.9
490,2,66,3,359,19,6.4,4.5,86,45.8
491,1,64,8,467,21,6.9,7.3,68,38.5
492,7,95,7,222,13,7.4,2.8,57,62.7
493,8,94,3,204,10,4.5,7.1,93,65.7
494,7,49,9,140,6,8.1,5.5,91,56.9
495,5,86,5,245,9,6.2,1.1,91,76.2
496,1,62,9,221,8,4.4,6.1,55,32.1
497,7,60,7,349,3,7.9,1.2,80,61.9
498,7,60,7,382,15,5.9,8.0,79,47.5
499,9,82,6,399,9,4.5,7.1,65,63.2
500,3,52,2,473,18,7.2,3.1,55,41.1
501,9,76,9,375,23,8.4,2.8,62,63.8
502,1,72,6,235,16,8.4,3.7,97,56.9
503,1,63,8,479,8,8.8,3.5,37,30.0
504,4,83,1,62,12,8.3,3.6,95,49.2
505,9,50,5,394,0,4.0,3.2,52,49.8
506,6,56,1,42,1,5.9,5.3,99,55.8
507,3,43,10,174,12,8.1,2.1,84,44.3
508,1,86,8,205,23,5.8,6.9,72,50.9
509,4,64,8,268,8,7.0,6.7,50,35.5
510,9,69,1,256,6,7.0,4.3,51,43.8
511,3,48,9,312,15,5.8,7.0,38,33.2
512,9,60,2,153,18,8.5,2.7,63,53.5
513,7,59,9,340,6,6.5,1.1,88,60.9
514,4,58,1,409,5,6.3,5.3,55,36.3
515,3,58,10,453,17,9.0,4.2,30,33.0
516,10,51,9,41,18,6.5,5.0,34,49.3
517,5,76,4,380,10,4.9,7.3,70,46.5
518,5,81,9,107,11,6.6,7.8,92,52.9
519,3,56,7,172,9,8.1,5.4,51,35.1
520,9,76,6,144,12,7.9,6.3,97,61.9
521,4,93,5,98,11,7.9,1.6,77,60.3
522,5,87,9,365,20,7.5,2.1,95,61.8
523,4,78,2,475,9,5.3,6.1,45,54.9
524,5,67,2,70,19,8.3,4.0,82,49.9
525,7,80,9,235,17,8.5,4.1,94,59.1
526,9,74,3,195,3,5.0,3.2,93,80.7
527,7,86,8,377,23,4.7,5.3,97,65.0
528,5,87,9,272,4,8.9,2.3,92,67.4
529,10,57,8,473,4,8.3,5.4,91,67.0
530,10,53,4,265,11,8.5,2.2,74,62.6
531,7,74,1,246,2,8.4,1.4,81,59.9
532,10,83,4,125,7,6.7,3.3,94,60.5
533,5,80,9,212,21,7.2,2.6,31,48.1
534,3,99,2,335,1,6.7,7.2,78,39.3
535,7,46,3,321,17,4.3,1.4,51,40.9
536,2,80,10,55,8,7.7,2.2,58,39.3
537,9,52,8,461,12,6.5,4.8,64,55.7
538,10,57,6,223,6,7.2,4.4,53,56.6
539,10,76,8,441,9,6.5,1.3,59,65.8
540,1,52,7,286,8,6.5,1.1,71,37.9
541,6,75,5,287,21,4.9,7.9,79,46.3
542,7,70,9,189,14,5.4,5.6,89,55.4
543,8,41,4,58,4,4.8,3.6,59,51.1
544,10,55,6,474,11,5.0,4.3,41,57.8
545,9,48,2,158,0,8.9,2.9,78,46.1
546,2,48,2,311,11,4.8,3.4,75,30.0
547,10,77,2,71,21,5.3,5.5,72,54.5
548,2,50,10,306,5,7.0,7.2,31,35.9
549,5,93,7,308,18,7.1,2.3,83,66.8
550,5,95,2,160,18,4.8,6.9,64,42.5
551,6,61,2,165,15,8.0,1.9,81,52.7
552,3,72,9,444,18,7.9,2.5,62,57.9
553,8,75,7,333,2,5.2,1.3,80,63.1
554,1,84,3,203,22,5.4,2.0,55,47.7
555,6,62,3,171,9,8.7,7.4,91,57.8
556,4,84,7,220,17,8.1,4.2,90,48.1
557,1,84,5,147,12,7.5,1.5,55,38.7
558,7,73,10,306,17,4.4,7.7,66,52.5
559,9,48,6,330,2,6.1,7.2,59,49.5
560,4,63,8,272,22,6.8,6.3,40,44.4
561,4,47,9,285,2,4.9,7.5,82,44.2
562,6,46,1,207,22,6.2,2.5,70,30.0
563,3,75,3,405,24,7.0,6.9,34,30.0
564,6,57,7,249,11,5.6,5.8,95,36.3
565,7,42,6,290,19,7.9,7.1,42,41.0
566,10,67,7,278,6,8.2,6.6,92,66.1
567,10,45,8,318,24,5.6,3.4,54,54.1
568,3,83,6,434,23,8.2,6.4,73,40.0
569,7,83,3,217,7,4.5,2.8,43,53.9
570,3,60,2,342,8,8.2,3.3,98,50.6
571,2,67,7,75,13,4.8,1.8,88,35.6
572,10,79,1,338,4,4.4,7.5,85,50.4
573,4,93,3,222,20,7.2,3.0,81,53.0
574,8,93,4,290,18,6.4,4.6,95,77.7
575,9,40,1,128,20,8.5,3.7,97,66.7
576,7,75,5,135,15,5.8,7.7,41,49.9
577,1,60,10,111,23,5.4,3.3,97,37.8
578,3,99,3,157,11,6.5,6.4,72,54.4
579,9,82,2,441,20,6.3,7.0,35,47.5
580,1,74,3,322,3,5.7,4.0,44,30.0
581,9,52,8,76,7,7.5,3.6,71,40.6
582,8,96,6,69,6,7.8,6.2,60,60.5
583,1,88,7,90,14,8.3,7.4,82,40.4
584,6,93,6,418,5,8.9,6.3,35,50.2
585,5,93,6,421,4,5.3,2.6,62,36.4
586,6,49,3,101,13,7.6,7.2,58,41.7
587,10,92,8,391,20,6.0,3.7,50,46.1
588,5,83,7,124,12,7.4,5.0,83,62.2
589,6,86,7,107,9,6.4,6.8,85,60.5
590,5,92,6,21,17,9.0,2.3,50,49.9
591,5,49,5,379,3,7.6,6.5,84,48.5
592,4,85,10,103,7,8.8,5.2,87,48.6
593,3,52,8,62,23,8.2,7.3,93,44.1
594,3,76,5,173,10,8.5,2.2,75,52.7
595,4,77,9,346,16,8.1,3.9,51,30.0
596,9,63,9,441,17,6.3,6.8,89,57.2
597,2,41,1,113,20,5.3,1.1,40,30.0
598,9,61,6,317,24,5.9,1.8,76,56.6
599,1,56,7,152,10,4.1,7.9,60,40.3
600,1,75,3,414,15,6.6,3.0,47,30.0
601,5,53,7,84,11,6.5,7.8,51,34.5
602,6,49,7,309,12,6.6,2.3,85,36.5
603,6,74,2,395,15,8.9,3.5,46,57.0
604,3,64,7,276,22,8.6,6.3,67,39.8
605,7,42,1,486,20,4.8,5.6,54,35.8
606,9,86,5,405,0,5.8,5.1,61,58.7
607,10,77,9,232,15,6.1,4.7,44,62.7
608,8,56,7,167,14,5.8,6.9,42,47.8
609,6,51,7,80,5,8.0,2.6,87,69.9
610,8,93,2,490,11,6.6,4.1,79,64.5
611,5,91,8,168,7,6.9,2.1,40,46.4
612,8,63,3,107,6,8.3,5.2,42,43.3
613,10,68,8,343,1,8.0,2.8,79,61.7
614,4,82,3,402,11,4.7,3.3,67,35.6
615,10,64,10,415,20,7.6,4.3,30,53.9
616,8,75,7,297,13,6.2,1.2,68,63.8
617,10,97,2,423,15,5.5,1.6,56,59.1
618,2,99,4,101,10,4.3,5.8,65,38.3
619,5,65,6,148,19,6.4,4.0,61,55.8
620,9,77,9,305,8,5.8,7.1,70,49.6
621,4,40,5,401,9,5.3,5.9,44,30.0
622,6,59,9,372,16,7.5,1.1,60,41.4
623,1,94,5,299,11,7.8,5.3,35,30.0
624,9,67,10,289,5,5.2,1.7,81,64.9
625,1,55,8,311,18,4.2,6.5,51,30.0
626,5,86,1,472,10,8.2,7.9,60,45.1
627,4,56,7,222,8,4.0,4.7,75,50.2
628,3,79,4,43,20,8.7,5.8,96,45.1
629,6,67,5,463,5,7.1,2.7,72,56.3
630,2,97,6,370,24,5.6,4.1,30,49.6
631,3,51,5,330,24,5.2,7.0,73,33.3
632,5,66,1,480,23,4.0,2.2,86,52.8
633,9,93,9,227,24,5.2,2.9,38,57.3
634,2,92,2,299,15,4.7,4.1,34,42.6
635,10,81,9,224,19,7.1,6.0,38,46.9
636,8,98,10,171,15,4.8,3.6,74,53.4
637,2,86,2,457,5,6.6,7.5,53,34.9
638,5,69,9,45,4,7.0,1.7,71,44.9
639,7,80,6,213,20,5.5,3.6,51,48.0
640,8,73,9,355,3,4.2,6.0,89,58.1
641,1,76,6,441,1,4.2,2.6,66,43.5
642,6,45,6,257,5,4.1,5.6,68,39.2
643,1,46,2,340,8,7.7,2.1,82,30.0
644,2,71,8,94,16,5.6,1.4,57,37.8
645,1,71,3,454,13,8.0,1.8,44,30.0
646,5,92,7,182,6,6.2,7.5,89,49.6
647,10,64,5,318,21,6.3,4.9,89,50.7
648,9,72,3,48,18,6.6,6.6,35,49.5
649,6,94,1,184,0,7.6,3.3,81,53.4
650,1,97,8,356,19,5.4,5.1,41,45.9
651,1,46,3,205,24,4.6,4.5,48,30.0
652,2,91,2,73,14,6.8,7.6,31,30.8
653,9,96,1,314,17,5.6,6.2,84,76.2
654,3,51,4,61,2,6.2,6.1,44,30.0
655,1,55,8,431,17,7.2,1.3,93,40.1
656,5,55,3,304,1,6.5,4.8,98,39.7
657,7,82,1,446,9,7.1,4.3,44,39.3
658,6,92,4,406,10,6.7,7.5,72,64.8
659,1,75,9,157,23,7.7,2.8,46,38.6
660,5,52,1,206,2,7.5,2.9,53,39.8
661,5,46,2,417,6,6.7,3.9,59,30.0
662,6,75,9,223,7,7.4,2.7,96,62.3
663,3,86,2,450,18,8.4,1.9,80,57.4
664,5,90,3,61,17,6.2,7.0,89,61.9
665,7,48,7,369,12,6.1,4.9,32,44.7
666,5,71,3,435,12,7.8,7.0,34,31.0
667,5,50,9,307,23,6.9,6.8,57,43.1
668,5,47,6,445,18,4.4,3.0,40,40.6
669,10,72,3,435,22,8.5,4.8,44,42.6
670,10,62,9,45,11,4.2,1.6,77,53.9
671,3,64,1,390,16,7.7,7.4,75,45.4
672,1,95,10,404,21,7.8,3.8,57,50.8
673,5,47,3,75,11,8.8,3.8,36,30.0
674,9,84,1,272,12,4.3,3.1,35,57.2
675,1,61,2,141,24,7.0,4.2,87,38.2
676,3,98,8,125,11,6.1,2.8,97,62.5
677,4,43,7,149,18,5.7,3.6,84,37.7
678,1,79,2,356,13,4.5,6.6,96,45.9
679,1,42,2,177,6,6.8,6.8,78,35.5
680,8,68,9,395,12,6.4,3.1,80,56.7
681,2,80,6,250,5,4.5,4.3,88,45.8
682,8,68,5,474,23,7.1,7.1,35,42.0
683,7,73,10,327,18,7.7,1.4,80,71.5
684,10,73,6,110,18,7.8,7.2,67,59.1
685,10,67,9,412,3,8.5,2.5,40,50.8
686,2,52,7,41,18,6.0,5.7,81,32.8
687,6,54,10,309,8,8.8,5.1,49,46.0
688,6,99,10,129,15,8.3,4.9,39,59.5
689,3,62,9,68,3,5.5,7.0,55,30.0
690,2,83,4,148,5,4.8,1.7,77,57.6
691,1,65,2,92,7,6.2,3.4,43,31.9
692,6,43,8,359,23,6.0,4.8,88,51.2
693,5,65,4,72,15,6.9,6.7,41,38.4
694,9,79,9,486,4,6.9,2.5,52,59.5
695,1,48,4,375,20,7.7,6.6,68,30.0
696,7,94,8,399,21,6.5,3.8,38,61.1
697,5,44,9,187,9,4.5,2.3,54,39.8
698,5,95,9,64,22,8.3,6.3,46,56.3
699,2,71,10,471,12,5.5,1.6,71,40.9
700,3,59,4,412,13,8.9,4.6,58,39.4
701,7,89,1,124,6,4.6,1.4,89,54.0
702,6,50,3,169,19,8.8,3.5,96,59.4
703,2,54,9,165,5,4.5,5.2,86,34.0
704,6,71,4,223,6,5.2,4.9,43,41.2
705,2,67,5,381,4,4.2,3.8,68,35.8
706,2,61,7,318,20,7.5,4.0,45,32.0
707,2,80,5,186,17,8.3,2.6,47,44.8
708,3,56,4,220,22,6.2,4.2,49,32.1
709,2,98,2,153,11,8.6,7.7,75,55.7
710,4,65,2,230,5,7.0,7.0,74,36.3
711,9,83,4,67,0,7.2,2.0,33,55.6
712,6,46,10,145,3,8.2,1.2,49,39.4
713,1,81,10,258,18,5.5,7.5,40,37.7
714,8,96,9,26,11,5.8,4.7,94,67.7
715,7,65,8,483,14,8.5,4.8,47,47.9
716,10,64,3,472,2,8.5,6.5,68,65.4
717,3,49,9,291,22,8.9,3.2,73,37.1
718,1,98,5,404,19,8.5,4.4,47,45.1
719,5,84,3,390,7,4.6,7.8,76,43.2
720,4,58,5,56,10,8.1,5.7,60,41.0
721,10,50,10,230,15,6.0,2.1,68,49.7
722,8,52,4,184,8,9.0,1.9,67,47.3
723,1,92,8,144,2,6.4,2.4,76,46.1
724,10,47,5,356,4,6.8,6.4,99,72.0
725,1,79,10,211,19,6.6,3.1,37,37.1
726,4,43,8,237,13,5.6,1.1,94,57.4
727,8,86,9,233,14,4.4,7.6,42,54.3
728,5,70,4,81,5,8.5,2.2,84,49.2
729,2,67,7,347,3,8.0,1.1,72,53.9
730,6,50,2,464,7,4.7,2.7,33,39.2
731,5,82,6,400,18,7.9,2.6,89,52.0
732,2,40,8,180,4,7.1,4.0,41,32.0
733,3,88,7,85,12,6.0,7.4,88,47.9
734,9,86,7,305,15,5.3,7.2,83,49.2
735,7,91,8,258,0,8.3,4.2,73,67.5
736,7,77,7,39,12,7.5,3.9,45,58.7
737,6,63,5,207,21,6.7,4.9,35,54.0
738,8,93,7,101,10,7.0,2.7,43,60.5
739,4,99,10,382,20,4.5,1.4,87,57.0
740,8,96,3,221,7,6.4,7.6,60,62.7
741,4,86,5,427,24,5.0,2.3,70,55.3
742,8,70,7,151,7,5.0,2.4,64,66.6
743,9,80,9,56,23,7.3,4.3,39,56.0
744,3,85,2,151,13,8.6,4.4,59,42.5
745,3,89,4,96,12,6.0,1.1,73,43.8
746,2,65,7,108,2,5.0,2.0,84,46.8
747,10,88,1,480,3,7.2,3.6,47,47.9
748,3,89,2,421,19,8.4,5.8,68,51.1
749,3,44,9,272,14,7.7,2.6,71,43.9
750,5,59,10,363,14,8.3,4.0,83,55.1
751,5,91,7,213,20,6.7,4.9,59,52.4
752,2,80,10,195,12,7.8,7.2,49,50.8
753,10,50,7,52,8,4.7,3.3,71,62.0
754,6,95,6,77,24,5.7,1.9,34,46.2
755,5,93,3,486,9,5.9,4.4,79,49.7
756,6,72,10,220,11,6.6,6.2,70,46.0
757,1,89,3,47,13,8.6,1.8,68,47.1
758,5,77,2,54,0,8.4,4.0,86,45.1
759,9,66,6,144,13,4.7,1.1,86,68.6
760,10,73,4,413,13,4.9,1.2,66,69.6
761,2,54,5,340,7,5.8,4.4,36,30.0
762,1,71,3,61,15,5.5,3.1,34,30.0
763,10,97,6,104,13,7.1,6.9,80,68.5
764,9,60,3,412,0,8.5,5.2,37,54.2
765,10,85,8,207,15,8.8,4.2,85,80.8
766,9,44,9,130,17,7.3,3.9,40,35.9
767,9,45,4,290,6,8.2,4.5,51,45.6
768,6,77,9,460,14,6.6,1.3,40,47.5
769,8,61,7,344,23,5.0,7.2,89,45.6
770,1,57,3,124,16,6.6,8.0,44,30.0
771,10,53,7,425,18,6.8,2.3,67,60.4
772,4,49,1,339,22,7.7,1.8,30,30.0
773,1,85,3,60,12,5.1,2.0,75,31.0
774,8,52,6,234,8,5.8,5.6,72,70.6
775,1,70,4,90,23,5.8,5.6,51,34.2
776,3,69,7,75,23,8.8,6.9,32,36.4
777,4,42,3,426,14,6.2,6.3,43,30.0
778,8,69,1,255,24,7.8,4.1,31,47.6
779,6,45,9,300,2,7.8,5.3,90,48.9
780,10,68,6,494,23,5.3,5.8,61,43.7
781,7,47,8,124,0,6.9,4.6,67,40.3
782,8,83,3,409,15,8.5,4.3,75,64.9
783,2,84,8,394,7,6.4,5.5,71,58.3
784,10,82,2,181,22,8.7,4.9,35,58.0
785,8,83,4,210,12,5.1,5.5,70,64.3
786,3,72,3,28,7,4.4,5.3,54,36.3
787,7,56,10,79,16,8.5,6.0,40,45.1
788,3,87,1,400,21,8.2,5.5,70,52.7
789,7,50,7,324,22,9.0,4.6,86,64.5
790,2,52,10,244,13,7.4,5.8,75,47.9
791,10,89,2,326,20,8.7,4.1,77,58.5
792,6,50,4,207,20,8.1,2.7,92,50.1
793,3,70,9,89,6,8.2,1.0,68,48.6
794,3,67,6,312,14,6.8,4.9,39,34.2
795,9,83,8,306,15,5.9,5.1,99,70.2
796,7,45,2,188,18,8.7,7.8,94,54.7
797,5,80,7,81,5,6.2,3.5,88,62.0
798,10,55,6,368,22,6.7,3.8,65,68.0
799,7,43,9,461,0,6.2,2.4,56,43.5
800,9,74,7,33,11,6.8,1.5,84,54.4
801,1,99,1,183,17,6.4,6.4,99,50.1
802,7,87,8,439,15,4.2,2.7,82,73.6
803,6,95,10,264,11,8.4,5.3,89,59.8
804,10,98,3,354,19,6.2,5.8,90,74.0
805,9,65,2,27,12,6.9,4.3,65,58.9
806,1,96,3,173,7,4.7,7.1,56,39.3
807,4,51,6,55,21,4.0,4.1,70,39.7
808,9,50,3,67,0,5.2,3.0,57,42.5
809,4,76,10,104,20,7.5,7.3,45,30.0
810,10,64,5,47,6,4.5,7.0,64,47.3
811,3,57,6,215,14,8.5,2.1,65,38.2
812,9,58,8,465,21,5.1,1.2,85,67.6
813,2,62,7,227,12,5.0,1.6,48,34.6
814,4,94,8,489,12,4.9,3.0,86,52.0
815,6,77,3,223,8,4.1,7.8,62,40.1
816,2,93,4,483,23,7.9,4.9,52,46.7
817,8,57,6,326,14,8.4,3.6,92,67.6
818,8,65,7,123,3,7.1,7.2,99,66.9
819,1,45,9,249,12,4.9,4.2,51,33.0
820,3,43,1,445,11,5.4,3.2,96,30.0
821,10,83,8,120,4,6.4,7.6,88,64.3
822,9,90,8,48,6,8.8,6.9,54,74.4
823,5,68,6,146,7,5.2,6.9,46,48.7
824,6,98,4,357,4,7.7,4.6,68,45.9
825,4,73,3,29,8,6.2,6.5,68,42.8
826,10,56,3,125,13,5.5,2.3,53,55.2
827,2,82,6,186,11,6.3,5.0,67,37.2
828,8,82,8,485,3,4.4,7.9,86,43.8
829,6,92,7,276,19,8.0,3.0,73,59.3
830,5,55,1,314,7,5.2,6.6,65,33.5
831,9,41,6,296,16,7.6,4.4,99,51.7
832,1,73,7,84,7,4.3,1.3,74,38.1
833,5,94,7,290,20,8.8,6.3,55,50.8
834,6,47,9,407,0,5.0,2.2,40,40.6
835,5,52,10,207,19,8.4,5.4,81,42.0
836,6,81,5,336,1,8.0,1.6,54,50.2
837,6,47,1,423,3,8.8,7.6,60,30.0
838,7,69,2,157,23,6.4,3.0,74,54.4
839,4,71,4,362,20,7.6,2.6,96,31.5
840,8,75,5,124,0,5.9,1.9,69,55.0
841,7,86,9,53,6,4.9,7.6,75,63.6
842,9,69,1,399,0,6.2,6.0,83,49.5
843,7,40,3,129,8,4.8,6.2,70,47.3
844,3,82,5,451,2,8.9,4.5,67,54.2
845,3,78,3,52,11,4.5,4.3,65,30.0
846,8,56,4,373,18,6.9,1.8,73,52.1
847,5,98,3,250,14,7.1,4.9,86,36.7
848,4,59,4,336,21,6.7,2.7,95,46.9
849,8,63,1,285,15,7.3,7.8,59,47.7
850,6,89,8,201,9,4.6,6.6,39,30.7
851,2,61,4,359,21,6.8,3.9,90,55.2
852,4,68,7,84,5,5.4,2.1,92,52.6
853,4,61,2,352,16,8.7,6.5,65,34.4
854,6,83,2,20,20,7.8,1.9,83,66.6
855,6,48,6,152,21,8.9,2.3,94,39.5
856,1,76,2,99,23,4.2,2.5,33,30.0
857,8,49,6,290,16,5.4,4.9,84,36.2
858,6,75,2,260,20,5.0,6.5,83,63.2
859,3,76,4,47,18,4.1,3.2,93,49.9
860,9,67,7,242,17,5.2,1.6,51,59.4
861,2,67,8,42,10,7.4,4.3,54,40.2
862,8,81,3,128,23,5.2,6.2,88,62.9
863,10,82,9,126,6,6.5,2.6,86,69.7
864,3,60,2,164,9,8.4,2.5,83,44.9
865,5,63,8,388,6,7.5,7.6,73,47.6
866,6,81,8,373,4,6.0,7.7,81,50.3
867,10,99,4,416,11,5.9,7.9,45,59.4
868,6,79,1,417,15,6.3,6.7,45,46.0
869,4,41,1,158,24,4.9,2.3,84,39.6
870,3,94,2,303,20,7.2,2.5,90,42.0
871,4,47,9,317,17,5.8,3.4,69,31.8
872,1,87,2,499,2,8.3,3.2,50,45.4
873,4,66,2,118,19,7.8,7.7,95,44.4
874,1,61,6,336,14,7.1,6.5,37,32.5
875,1,76,7,142,4,5.8,6.1,39,30.0
876,10,66,7,339,12,5.0,2.3,86,53.2
877,6,96,9,306,18,7.9,7.4,33,44.4
878,5,68,6,100,11,6.4,6.8,72,45.1
879,4,42,8,476,22,5.1,2.1,92,39.7
880,3,83,6,29,20,5.0,7.1,72,53.7
881,1,52,2,27,4,4.8,2.9,96,37.9
882,6,84,1,424,5,7.9,1.6,80,68.6
883,2,49,5,224,6,5.1,5.6,85,39.3
884,8,75,9,334,9,6.6,5.6,72,41.3
885,10,48,8,453,15,6.3,1.7,53,61.3
886,5,93,4,216,7,6.9,3.2,63,41.6
887,7,95,5,217,8,8.4,7.9,88,63.2
888,10,94,5,49,3,8.3,5.7,31,53.1
889,2,66,6,498,20,6.3,6.1,31,45.8
890,8,73,3,420,20,4.1,2.5,39,58.4
891,2,90,5,478,7,6.1,1.6,52,37.5
892,4,40,2,39,24,7.0,2.9,44,31.0
893,1,71,10,67,6,6.8,2.7,46,38.2
894,5,64,1,476,14,7.3,2.6,43,46.0
895,9,68,1,149,20,4.8,2.3,45,50.5
896,1,46,10,312,2,7.2,5.0,61,30.0
897,9,88,7,404,16,4.9,3.3,52,54.2
898,8,42,2,151,10,7.8,6.7,63,44.6
899,6,59,4,375,8,5.7,2.3,45,51.1
900,7,59,5,73,4,7.5,4.3,63,51.9
901,3,92,7,397,24,4.2,1.1,62,42.5
902,1,69,2,300,9,6.0,4.4,97,45.5
903,5,74,6,406,14,7.5,1.4,72,48.7
904,2,74,1,284,13,5.1,7.8,93,47.5
905,5,88,7,489,3,8.0,6.5,47,65.8
906,8,78,9,234,20,7.2,4.4,97,62.3
907,9,66,5,479,19,6.9,1.6,90,67.8
908,2,65,5,477,1,5.8,5.1,49,30.0
909,3,53,4,309,11,6.4,6.3,40,30.0
910,3,56,3,62,0,7.0,2.3,75,40.6
911,1,57,9,93,23,6.4,5.0,93,39.2
912,8,84,5,369,19,7.5,6.7,57,72.5
913,6,91,8,297,4,6.2,6.4,77,54.9
914,8,68,9,345,5,5.0,6.6,64,57.6
915,9,59,5,261,23,5.1,7.2,37,32.6
916,5,92,10,149,10,4.0,7.6,51,51.9
917,3,66,9,369,7,5.5,3.8,53,47.9
918,5,57,2,213,6,7.7,5.0,95,44.4
919,5,43,9,51,3,8.0,6.5,93,30.0
920,5,40,4,125,5,5.0,5.9,94,42.6
921,3,89,6,419,15,8.8,8.0,43,41.9
922,10,40,6,223,19,6.5,1.1,54,56.6
923,4,97,6,20,14,8.6,3.5,32,60.3
924,9,65,2,264,13,7.5,3.0,34,46.1
925,10,84,7,91,22,7.6,2.8,94,64.7
926,9,59,6,451,11,4.4,2.6,83,49.6
927,2,91,1,325,11,5.1,6.0,48,38.8
928,8,62,2,416,15,4.0,1.6,83,57.7
929,8,49,7,34,14,7.6,6.2,39,40.4
930,7,98,1,72,12,5.7,5.9,45,56.9
931,8,50,1,447,10,7.9,2.8,75,53.8
932,3,80,1,27,16,5.7,2.8,58,41.4
933,6,80,8,349,20,8.1,5.4,44,42.8
934,1,44,4,65,14,4.7,6.3,77,30.0
935,7,97,4,344,13,4.9,7.1,40,33.6
936,1,40,2,133,9,5.7,7.0,63,30.0
937,9,56,1,166,11,6.0,7.8,65,49.3
938,1,61,10,185,15,5.7,5.1,59,36.2
939,1,73,9,398,14,7.8,7.4,48,38.6
940,7,95,7,158,9,4.5,6.7,97,65.8
941,2,84,4,136,3,5.8,7.3,99,46.3
942,5,80,6,318,22,8.2,1.1,62,51.8
943,8,68,2,295,8,4.3,7.8,51,36.6
944,8,43,7,423,20,8.7,4.3,65,45.4
945,3,44,2,296,19,8.9,6.6,52,31.4
946,7,50,10,357,8,4.4,1.9,92,49.5
947,3,95,8,332,20,5.5,3.8,55,53.1
948,6,90,8,197,24,5.9,2.9,89,56.2
949,6,60,1,349,23,7.9,3.0,34,41.3
950,3,74,8,373,19,7.0,1.9,83,50.0
951,7,51,2,173,10,7.2,6.6,67,50.2
952,3,65,6,433,10,7.8,1.1,91,54.6
953,8,90,1,220,6,4.6,3.2,54,59.4
954,10,58,5,385,20,8.2,2.2,41,38.5
955,4,84,7,134,9,7.5,5.1,51,54.3
956,1,99,10,178,3,6.9,2.8,38,52.6
957,4,46,1,61,4,8.4,2.8,58,33.0
958,7,86,2,266,4,7.5,4.4,73,57.8
959,4,94,7,87,10,5.0,5.6,56,41.7
960,6,46,6,464,8,6.1,1.8,84,34.8
961,9,65,3,464,15,6.5,2.2,34,44.0
962,1,79,10,345,8,4.3,2.7,81,40.5
963,5,44,2,353,21,8.8,7.8,42,30.9
964,7,60,10,215,3,4.6,3.8,71,45.4
965,1,53,4,109,1,7.5,5.2,44,30.0
966,4,43,3,130,13,6.5,2.7,47,33.5
967,6,62,7,387,2,4.1,4.4,79,44.3
968,2,81,8,378,17,8.6,1.5,31,42.8
969,10,59,2,164,20,8.3,1.2,42,57.5
970,5,54,10,294,5,6.6,4.3,97,68.2
971,10,89,7,198,10,5.1,3.8,76,74.5
972,1,91,8,260,20,4.6,2.0,79,48.1
973,6,84,6,345,17,5.8,5.8,41,42.9
974,6,68,6,338,11,5.3,8.0,42,44.1
975,4,47,10,496,4,6.5,3.8,38,38.0
976,8,80,1,350,8,8.8,5.4,88,56.2
977,4,87,4,483,19,6.9,7.7,74,53.6
978,8,58,1,433,17,8.4,6.8,99,45.8
979,8,87,4,172,18,7.3,4.2,72,58.0
980,5,78,2,123,2,6.4,6.2,52,47.4
981,4,85,5,94,8,8.3,1.9,74,49.7
982,2,67,10,147,3,6.4,4.6,52,36.6
983,3,85,9,218,16,8.3,3.0,63,47.5
984,3,96,10,173,16,5.5,2.1,45,41.4
985,4,66,3,75,22,4.6,4.0,92,54.9
986,4,43,8,297,22,8.3,1.9,80,36.8
987,10,97,3,364,1,6.9,5.9,61,65.7
988,5,54,6,38,8,8.4,4.2,67,47.4
989,4,74,4,178,8,8.7,4.7,85,42.9
990,10,76,8,45,4,4.3,2.0,98,69.3
991,8,40,6,445,14,6.5,2.0,46,38.1
992,6,42,8,188,14,5.9,5.1,68,53.2
993,6,86,1,42,2,7.1,7.9,70,42.6
994,8,63,6,66,18,8.0,1.7,77,52.7
995,7,66,1,32,2,5.4,3.0,57,38.5
996,10,79,1,236,5,6.8,7.1,79,51.4
997,10,75,8,341,3,7.5,1.5,30,67.9
998,8,73,7,213,23,4.7,7.1,79,60.1
999,2,68,3,163,12,8.1,4.7,48,35.8
1000,9,63,6,92,12,7.0,3.9,88,55.8
1001,1,63,9,175,10,8.7,3.2,97,51.3
1002,8,81,7,96,4,5.7,3.1,96,58.5
1003,4,43,3,438,0,4.5,3.1,70,42.5
1004,4,42,6,188,8,6.5,7.2,39,30.0
1005,5,73,4,480,16,4.4,6.1,57,38.8
1006,8,96,3,306,21,8.8,5.7,63,65.0
1007,5,88,9,104,0,4.2,6.6,68,57.4
1008,8,62,10,435,2,7.8,2.8,85,64.2
1009,10,92,2,201,14,6.6,5.3,81,58.5
1010,1,95,1,475,20,5.8,4.2,32,30.8
1011,10,91,2,334,22,4.3,6.5,52,59.1
1012,9,62,7,316,9,7.1,3.2,46,46.7
1013,6,84,10,131,7,6.9,5.5,55,62.3
1014,3,44,1,469,11,5.4,7.2,47,30.0
1015,8,70,6,249,24,8.6,3.8,75,52.4
1016,9,92,7,115,21,5.5,1.5,99,67.2
1017,6,80,9,457,14,6.2,4.6,60,32.4
1018,7,96,8,187,8,6.7,3.4,38,45.0
1019,1,96,6,397,23,4.5,5.7,64,46.1
1020,5,99,3,175,24,8.7,7.7,89,57.3
1021,5,93,8,440,9,5.9,4.4,92,69.9
1022,10,45,7,124,19,4.4,4.3,81,66.8
1023,4,76,3,212,8,5.9,5.6,77,49.1
1024,6,96,9,349,14,7.0,1.7,90,66.3
1025,7,49,2,458,22,6.6,2.8,53,43.7
1026,9,79,3,151,20,7.5,7.4,87,42.6
1027,1,46,2,374,20,4.3,5.7,93,30.0
1028,6,78,1,401,0,5.4,1.1,59,49.7
1029,7,77,4,157,1,8.1,2.4,58,57.5
1030,3,60,5,450,18,4.4,5.8,39,34.1
1031,8,59,6,350,13,8.3,6.4,68,46.1
1032,5,42,5,289,7,4.5,6.9,84,47.7
1033,9,90,1,57,5,8.2,3.0,57,69.9
1034,5,61,3,415,11,5.8,7.5,47,44.4
1035,9,86,1,64,14,7.1,4.9,70,66.5
1036,10,43,5,420,13,4.8,5.9,94,52.6
1037,4,67,5,483,20,4.3,5.2,75,51.3
1038,9,51,6,182,0,5.1,1.9,89,58.7
1039,5,77,8,469,10,4.6,7.7,38,45.4
1040,10,90,10,350,24,5.6,1.9,74,71.7
1041,9,75,1,272,2,6.6,2.8,89,60.6
1042,3,86,4,188,18,6.9,6.7,57,36.5
1043,4,80,10,470,17,7.9,5.3,32,42.1
1044,9,44,1,304,19,7.3,6.9,80,57.1
1045,10,52,9,293,1,7.0,4.6,37,48.0
1046,6,62,7,39,24,6.1,3.6,99,61.3
1047,2,97,7,258,6,6.4,7.5,88,55.0
1048,7,89,5,289,7,6.1,1.3,90,60.6
1049,2,69,7,437,18,8.2,7.0,87,53.5
1050,2,76,2,452,21,5.2,2.6,99,43.6
1051,1,64,4,329,14,4.0,6.9,41,37.8
1052,3,87,7,50,9,7.3,2.0,38,46.0
1053,6,66,3,333,21,5.0,5.1,78,48.4
1054,8,90,2,123,0,8.5,7.2,46,47.1
1055,9,53,10,189,5,8.3,4.3,83,58.7
1056,7,96,2,205,12,4.4,6.2,73,54.8
1057,4,87,1,147,13,4.5,6.6,61,34.6
1058,6,98,5,229,2,6.5,6.2,64,53.4
1059,5,86,6,433,10,7.0,7.5,78,46.7
1060,8,93,6,300,2,5.4,4.1,83,67.6
1061,1,75,9,466,18,7.6,2.2,45,46.6
1062,1,78,4,272,9,7.0,1.3,41,30.0
1063,6,55,1,38,14,5.6,2.7,37,50.1
1064,10,95,6,219,10,4.1,2.0,50,61.9
1065,2,61,5,239,14,7.8,4.9,77,32.8
1066,5,60,10,155,23,5.1,2.3,37,46.6
1067,1,93,6,242,12,8.2,1.3,57,40.5
1068,7,60,3,22,4,6.1,1.3,39,43.6
1069,1,47,2,470,3,6.9,6.8,81,30.0
1070,4,88,6,255,12,8.4,5.1,44,39.7
1071,9,55,1,361,8,8.3,3.5,33,50.8
1072,1,98,7,484,24,5.9,7.3,91,46.0
1073,4,94,7,247,16,5.0,1.5,33,35.3
1074,6,70,10,420,1,7.9,7.9,70,55.4
1075,6,81,7,161,23,6.2,5.3,84,47.6
1076,8,49,10,28,4,5.0,2.3,57,41.9
1077,1,71,1,209,15,8.5,5.8,76,45.6
1078,7,98,4,369,6,5.0,6.3,38,42.6
1079,1,73,7,424,0,4.1,4.0,31,30.0
1080,7,48,9,479,11,4.1,7.0,96,56.1
1081,3,56,5,184,20,7.1,2.1,77,39.8
1082,8,50,2,499,10,7.3,3.0,98,53.7
1083,3,71,7,158,11,5.6,1.7,57,39.9
1084,1,49,10,295,18,5.6,2.5,43,31.5
1085,8,61,1,310,11,5.7,2.7,75,47.0
1086,3,96,7,72,11,7.4,7.4,42,53.7
1087,2,56,6,194,13,4.3,1.5,45,30.0
1088,1,43,7,129,1,8.6,4.0,69,36.0
1089,3,87,10,222,1,5.1,4.7,59,50.7
1090,2,91,3,455,24,9.0,7.3,94,43.6
1091,2,86,3,155,3,4.9,8.0,87,36.7
1092,6,64,7,23,19,7.9,6.3,77,57.8
1093,1,98,2,174,22,5.1,7.8,78,35.3
1094,2,60,1,191,15,4.4,6.5,31,30.0
1095,6,76,9,443,9,8.4,7.7,43,53.7
1096,3,77,9,377,12,8.3,6.0,46,41.8
1097,4,88,7,66,1,6.0,1.6,60,37.1
1098,1,40,7,113,2,7.5,3.8,39,37.9
1099,8,64,3,447,18,6.8,5.5,99,54.2
1100,7,90,10,67,5,8.3,3.5,66,57.8
1101,7,75,2,259,18,5.6,2.9,93,59.0
1102,3,56,7,366,20,6.6,5.0,59,42.0
1103,10,80,9,232,19,6.4,7.5,63,75.3
1104,10,63,1,455,18,5.8,1.2,47,41.3
1105,3,41,4,359,7,8.5,6.4,92,45.0
1106,2,79,6,343,13,4.8,6.1,78,47.9
1107,1,54,7,158,9,4.7,7.7,85,34.0
1108,7,71,10,224,2,6.9,7.5,87,62.9
1109,7,78,7,400,5,7.3,6.3,56,58.7
1110,2,98,10,92,14,5.0,4.6,84,41.8
1111,7,45,2,23,22,6.0,2.4,48,53.4
1112,8,40,4,95,22,8.7,4.8,52,33.4
1113,1,86,5,348,17,5.2,6.4,76,33.2
1114,9,62,1,96,13,7.3,7.3,95,55.7
1115,7,97,1,323,18,7.7,6.5,80,72.3
1116,3,78,10,275,9,6.2,2.4,57,43.1
1117,8,96,3,429,14,8.7,5.2,86,64.2
1118,7,56,10,121,3,7.7,3.3,87,66.1
1119,8,73,3,125,22,6.3,1.1,44,49.0
1120,6,98,8,352,1,6.8,2.4,45,46.5
1121,9,80,9,58,2,7.5,1.8,76,62.1
1122,5,68,1,495,6,7.0,6.9,92,58.0
1123,3,48,2,333,22,8.4,2.8,41,32.0
1124,3,52,10,294,15,5.8,3.0,72,54.8
1125,1,45,2,107,9,5.5,7.7,58,30.4
1126,8,45,4,230,18,5.1,3.7,78,45.0
1127,2,59,2,388,16,4.2,1.1,32,30.0
1128,3,91,7,96,18,4.2,3.0,98,48.0
1129,8,92,9,96,4,8.4,1.8,89,63.9
1130,8,42,7,461,22,7.4,1.7,95,87.2
1131,4,56,6,47,19,7.3,1.5,55,48.0
1132,4,88,10,264,12,7.1,5.2,98,63.6
1133,5,51,1,85,12,8.2,2.3,76,39.5
1134,6,87,10,285,10,6.4,3.5,71,68.4
1135,5,86,9,401,10,8.4,7.0,60,58.9
1136,7,84,5,489,15,5.8,4.0,51,65.3
1137,2,94,5,224,14,8.6,7.4,46,53.6
1138,7,40,6,77,16,7.5,4.5,49,31.4
1139,10,56,9,220,21,5.3,3.8,37,43.9
1140,7,42,8,244,17,6.8,6.3,78,40.8
1141,1,65,8,161,18,6.7,1.5,67,32.1
1142,7,54,8,400,3,4.7,1.6,82,55.2
1143,5,75,1,387,21,7.0,5.6,57,39.9
1144,3,71,1,103,21,5.6,4.4,58,52.5
1145,3,71,8,162,22,4.3,6.5,40,49.5
1146,4,43,5,371,4,8.7,7.4,76,39.1
1147,2,57,9,52,6,7.2,3.7,74,54.0
1148,2,88,2,420,1,8.4,5.2,47,49.4
1149,1,58,9,171,0,7.4,4.5,79,35.6
1150,5,82,8,177,11,5.8,7.9,78,37.5
1151,4,91,9,465,9,6.6,6.8,51,45.8
1152,10,74,4,160,7,7.4,7.4,74,55.8
1153,2,79,1,465,0,8.8,2.8,90,47.7
1154,3,53,1,270,11,5.3,6.4,50,31.3
1155,7,97,5,322,1,8.4,2.9,90,65.4
1156,7,72,2,131,9,8.6,2.5,65,56.2
1157,4,53,8,163,21,7.4,7.6,53,30.0
1158,5,73,10,469,16,8.7,1.1,61,54.6
1159,5,94,5,228,2,6.0,7.8,88,52.1
1160,6,43,5,243,6,8.8,2.0,34,39.8
1161,9,63,2,62,11,7.5,6.7,45,55.4
1162,2,98,7,283,7,4.2,2.9,40,33.1
1163,5,68,8,263,19,8.5,3.5,64,46.8
1164,3,58,10,22,11,6.4,2.5,71,42.3
1165,4,45,1,144,2,6.3,5.1,39,30.0
1166,10,96,2,287,16,6.8,3.4,37,65.4
1167,6,72,10,103,8,4.7,5.6,55,43.5
1168,8,88,4,35,9,6.3,1.1,32,49.1
1169,1,79,5,353,21,8.2,1.5,88,40.7
1170,10,58,2,483,5,4.1,1.7,32,55.7
1171,8,92,1,78,24,5.4,3.9,67,54.2
1172,7,40,9,196,0,4.0,6.7,31,40.1
1173,1,44,1,82,21,6.1,7.2,46,36.5
1174,2,66,4,465,11,7.6,2.7,65,38.4
1175,3,55,2,68,4,8.0,5.0,31,37.7
1176,1,45,4,326,12,8.7,6.4,63,41.2
1177,9,79,8,265,14,7.0,3.0,56,66.6
1178,8,52,8,308,21,5.3,3.9,66,50.8
1179,2,87,9,305,10,8.6,4.7,51,47.9
1180,9,74,5,462,7,7.9,1.9,97,56.9
1181,7,58,7,351,4,6.9,1.2,43,41.5
1182,9,51,3,34,1,7.5,2.1,52,45.6
1183,6,55,10,357,11,8.6,5.4,73,65.6
1184,6,98,4,274,1,7.6,1.5,94,57.7
1185,4,82,10,111,15,5.8,2.3,90,49.5
1186,10,49,9,298,20,7.6,3.4,84,53.3
1187,10,64,10,225,2,4.2,1.5,79,67.1
1188,2,59,10,113,9,5.9,2.3,41,35.7
1189,7,70,1,244,18,6.0,7.4,44,51.2
1190,5,43,2,320,7,4.8,1.1,46,40.0
1191,6,83,5,337,6,4.1,5.6,63,40.4
1192,2,62,3,482,0,4.7,3.7,64,30.0
1193,5,41,2,218,11,7.3,5.7,68,47.7
1194,10,95,1,290,4,8.0,5.1,84,66.1
1195,4,61,10,253,15,8.9,2.6,88,59.3
1196,9,90,3,65,24,5.7,6.9,34,51.7
1197,6,96,1,83,3,7.0,4.4,59,45.8
1198,2,76,1,249,16,8.7,6.8,33,30.0
1199,1,47,1,449,23,4.8,3.8,44,30.0
1200,5,46,8,459,20,7.6,7.9,64,36.7
1201,9,53,3,268,1,7.8,6.4,84,56.2
1202,6,95,1,265,11,4.4,7.8,95,60.1
1203,10,94,7,447,0,8.3,4.6,89,60.5
1204,7,42,10,94,11,8.1,4.3,53,45.4
1205,5,89,3,176,11,4.2,6.3,51,41.3
1206,10,55,8,242,11,4.5,7.2,73,51.5
1207,6,94,4,209,18,4.2,7.7,61,51.9
1208,5,58,4,492,24,5.7,3.3,80,42.3
1209,9,90,5,71,16,6.5,6.6,32,63.5
1210,6,57,6,457,19,6.7,2.5,99,62.5
1211,8,91,7,107,23,5.3,4.8,61,67.0
1212,2,55,4,332,23,8.6,2.3,31,30.0
1213,9,47,8,358,10,5.8,3.4,88,50.3
1214,5,99,6,85,12,4.2,7.5,43,47.8
1215,7,72,1,169,7,5.5,2.0,80,52.7
1216,10,88,1,39,9,6.7,5.4,40,51.9
1217,1,51,9,52,7,6.0,5.2,39,30.0
1218,10,92,10,347,19,5.4,1.8,87,71.9
1219,5,50,6,300,7,4.7,3.3,63,38.5
1220,10,44,10,65,8,8.1,4.9,82,63.8
1221,2,66,8,92,6,9.0,2.3,57,44.9
1222,6,51,7,373,13,5.6,6.6,47,47.9
1223,1,56,6,332,1,5.9,7.8,55,30.0
1224,3,45,4,362,24,7.1,2.5,36,33.1
1225,5,72,7,152,10,7.6,2.3,74,46.4
1226,4,44,9,74,7,6.0,4.2,74,32.7
1227,3,96,10,80,12,8.5,6.2,64,47.4
1228,10,67,10,364,20,6.8,3.0,81,72.3
1229,5,53,7,27,14,6.3,1.1,50,39.2
1230,8,44,1,291,2,7.2,4.8,57,55.1
1231,4,93,10,265,22,8.8,7.7,73,57.2
1232,1,95,9,195,13,8.0,3.7,85,47.1
1233,7,98,4,135,14,4.2,3.9,39,60.1
1234,8,72,3,336,1,5.7,7.8,52,52.0
1235,3,89,4,290,18,6.4,5.9,77,40.9
1236,6,87,4,212,11,5.6,6.0,81,67.8
1237,2,80,10,169,24,7.5,4.9,44,41.9
1238,7,58,2,150,19,8.1,7.8,84,50.1
1239,8,61,1,121,3,7.7,5.8,72,45.1
1240,6,44,10,329,2,8.9,7.3,79,55.9
1241,6,98,1,289,4,5.4,5.9,35,50.4
1242,5,41,8,311,2,8.4,6.1,62,44.7
1243,8,69,2,229,24,7.8,3.0,91,55.3
1244,1,86,10,380,14,5.8,3.1,84,53.0
1245,10,78,5,357,18,7.7,6.5,68,67.6
1246,4,43,4,86,1,4.5,3.1,41,30.0
1247,4,72,8,29,11,7.9,4.9,60,35.6
1248,3,52,2,68,4,6.7,2.7,82,44.0
1249,3,59,10,130,21,5.5,6.7,63,30.0
1250,4,93,9,340,16,7.3,1.8,70,55.6
1251,1,46,7,238,13,7.2,6.8,39,30.0
1252,2,54,7,76,21,5.0,5.2,81,46.6
1253,9,62,1,302,9,4.2,2.3,86,53.9
1254,10,53,2,478,2,6.2,4.8,32,54.1
1255,2,62,4,132,3,6.8,3.0,86,38.0
1256,5,58,4,152,5,8.4,3.3,62,50.9
1257,9,93,3,90,23,8.6,3.5,36,71.4
1258,9,68,7,102,24,6.6,1.4,33,44.7
1259,8,95,8,76,21,7.8,7.9,68,63.3
1260,1,59,2,395,15,6.2,1.2,77,55.4
1261,1,68,4,368,6,7.7,5.6,45,32.0
1262,9,63,3,290,14,5.0,3.6,67,54.3
1263,8,57,2,130,20,5.9,5.5,33,47.6
1264,10,49,6,376,24,7.2,3.5,33,49.0
1265,9,80,4,394,19,4.1,5.7,56,42.9
1266,7,96,6,95,10,7.6,6.1,46,62.4
1267,3,47,2,177,21,8.2,5.8,99,30.0
1268,3,65,4,39,20,6.0,1.8,83,41.5
1269,2,68,6,440,0,6.2,5.6,37,41.2
1270,5,49,5,150,4,8.3,3.0,82,43.8
1271,3,56,3,348,12,7.9,1.2,34,30.0
1272,6,41,8,141,20,5.4,3.9,98,55.8
1273,2,45,7,60,13,5.6,4.0,76,30.0
1274,3,97,3,186,8,7.4,4.3,69,40.0
1275,5,44,6,429,16,6.8,5.9,36,36.1
1276,1,67,4,149,14,4.8,3.2,41,30.0
1277,1,80,5,42,20,5.5,3.2,54,30.0
1278,10,44,5,298,6,8.5,1.4,57,57.9
1279,9,57,7,270,21,7.4,5.8,72,58.7
1280,7,65,5,488,21,8.9,5.0,76,50.9
1281,1,59,3,419,11,7.8,3.4,78,34.5
1282,8,80,10,28,22,8.7,5.9,83,66.3
1283,3,88,5,32,5,5.1,4.8,47,49.9
1284,8,66,7,431,20,7.9,4.3,56,51.0
1285,5,88,5,430,15,4.1,4.6,35,48.3
1286,1,51,5,326,4,7.4,5.5,98,42.3
1287,7,46,9,339,8,6.3,5.6,51,50.2
1288,5,98,3,71,13,5.7,3.0,88,57.7
1289,6,42,6,228,7,8.3,2.0,76,40.5
1290,6,49,1,57,13,8.3,2.1,97,47.0
1291,8,73,10,119,11,4.1,5.5,61,57.1
1292,9,64,5,212,9,7.0,7.1,30,59.7
1293,2,74,8,421,19,5.8,3.9,83,41.7
1294,9,55,5,210,19,6.1,2.2,75,61.3
1295,10,41,9,70,20,8.2,6.3,70,52.4
1296,9,99,6,412,12,5.5,6.8,70,64.4
1297,10,63,8,160,18,8.7,7.2,37,63.5
1298,10,49,10,187,14,4.9,5.2,61,59.7
1299,7,77,8,330,7,7.3,7.0,59,44.0
1300,1,61,3,128,22,7.4,1.1,75,33.4
1301,7,65,7,226,20,5.3,1.8,81,64.0
1302,10,82,7,446,9,5.6,1.6,90,70.0
1303,5,94,10,319,2,8.2,6.0,42,42.5
1304,6,78,6,129,20,7.8,1.5,69,48.7
1305,10,66,7,215,2,5.6,4.5,90,68.5
1306,7,68,2,436,4,6.7,4.3,73,58.3
1307,5,86,9,171,15,4.3,3.2,91,57.4
1308,7,77,10,439,16,5.0,7.1,73,72.6
1309,9,59,10,262,5,6.4,2.2,77,65.5
1310,3,66,1,147,19,4.4,3.5,88,40.8
1311,8,80,1,124,19,8.2,6.4,86,52.9
1312,2,93,3,29,15,7.6,1.2,40,34.1
1313,7,59,3,375,23,8.7,5.7,54,48.4
1314,2,83,1,167,1,7.5,6.7,90,41.2
1315,4,58,7,384,19,8.7,7.5,75,55.3
1316,7,59,4,383,14,6.8,7.1,83,61.0
1317,3,74,10,478,17,7.0,3.2,63,49.9
1318,2,86,2,159,0,8.9,5.1,36,30.0
1319,10,41,10,209,18,7.2,1.5,91,56.6
1320,7,69,5,421,11,4.2,2.8,86,63.9
1321,1,92,6,113,7,7.6,1.7,34,34.3
1322,8,73,9,248,5,8.5,3.2,64,66.1
1323,3,61,4,82,11,8.0,7.1,66,41.7
1324,2,42,2,359,6,6.9,3.4,89,36.4
1325,3,45,5,44,17,7.4,4.9,94,36.4
1326,5,54,3,287,21,9.0,4.0,45,38.3
1327,8,66,2,424,13,4.5,4.2,59,50.8
1328,10,49,1,300,7,7.3,7.8,71,58.9
1329,7,48,10,30,23,5.4,3.1,90,47.4
1330,7,72,2,339,19,7.2,5.4,77,51.0
1331,7,71,6,220,21,7.0,3.9,91,58.3
1332,8,87,8,145,13,4.8,1.4,93,70.7
1333,1,45,3,325,4,5.0,4.4,86,30.0
1334,4,80,9,209,8,7.1,6.7,97,44.9
1335,6,98,9,108,7,4.6,1.7,75,65.2
1336,9,75,2,374,1,5.3,1.5,57,44.9
1337,2,98,8,135,15,8.2,2.1,32,51.9
1338,1,99,10,371,12,5.6,6.4,66,44.0
1339,10,41,5,196,6,6.4,6.1,77,42.5
1340,2,68,4,33,15,8.7,5.0,48,32.1
1341,7,43,10,276,6,5.1,4.3,46,45.5
1342,3,40,5,228,13,5.9,7.2,69,30.0
1343,10,58,4,300,13,7.0,6.4,79,57.7
1344,2,65,8,462,11,7.8,6.7,58,42.6
1345,7,64,4,347,0,8.5,6.7,80,51.0
1346,2,49,10,344,0,8.6,5.5,71,31.4
1347,3,92,6,408,11,7.9,4.2,58,44.9
1348,7,54,2,124,19,5.1,7.1,95,59.9
1349,4,98,5,166,20,4.1,7.5,46,56.3
1350,1,61,6,298,14,5.9,1.2,60,30.0
1351,5,90,5,28,3,4.7,1.4,81,63.0
1352,9,87,2,137,6,7.6,7.7,68,60.6
1353,8,60,7,113,15,7.3,2.9,89,65.0
1354,9,98,4,453,2,4.2,7.1,80,59.7
1355,10,95,8,163,6,8.2,3.7,45,51.6
1356,9,61,7,308,23,5.2,1.8,43,55.6
1357,7,75,7,405,21,6.2,1.6,71,49.7
1358,4,73,9,33,5,7.3,2.1,80,41.6
1359,5,69,1,276,15,6.1,2.7,53,33.3
1360,1,64,10,365,23,6.2,4.4,72,43.0
1361,1,84,6,205,7,4.3,5.9,48,36.3
1362,3,67,6,364,22,6.0,7.9,90,49.8
1363,8,40,6,419,21,7.8,4.1,92,57.9
1364,2,88,6,226,5,8.6,4.6,55,40.1
1365,4,84,10,365,9,6.1,4.7,64,49.0
1366,2,43,7,450,15,6.1,4.8,96,35.5
1367,5,46,10,191,10,7.5,4.6,85,46.0
1368,9,88,6,483,12,8.7,1.1,69,58.3
1369,1,48,1,289,5,5.3,1.0,58,31.5
1370,5,75,3,240,23,6.2,1.7,35,49.5
1371,9,58,2,171,0,8.0,1.7,81,51.6
1372,1,40,6,130,20,7.0,5.9,30,31.0
1373,9,49,8,202,18,4.6,2.4,81,56.8
1374,8,75,3,418,11,7.1,7.3,53,52.4
1375,4,48,10,358,23,4.9,7.5,63,30.0
1376,10,84,8,91,5,6.6,7.8,36,43.9
1377,5,85,8,437,17,6.6,7.6,40,46.3
1378,5,81,5,405,12,8.4,2.9,65,56.5
1379,6,71,8,302,6,6.3,4.6,49,42.7
1380,7,71,6,93,22,5.4,2.2,92,69.9
1381,8,45,5,374,12,5.2,6.6,92,56.6
1382,8,87,9,234,20,8.4,7.2,98,60.1
1383,2,77,7,347,7,4.9,7.0,59,38.7
1384,9,56,8,495,20,6.1,4.0,59,70.7
1385,7,49,1,42,16,4.9,6.3,51,31.1
1386,4,89,2,87,8,7.9,1.7,90,58.0
1387,4,66,8,417,19,6.4,1.3,50,40.8
1388,8,93,9,466,12,5.8,6.3,66,65.6
1389,4,89,4,392,1,5.8,4.0,56,55.2
1390,6,74,10,381,3,8.3,8.0,64,48.7
1391,5,91,10,112,24,6.8,1.7,67,64.0
1392,3,98,9,340,1,7.6,7.0,89,70.1
1393,10,60,4,343,3,8.5,4.4,99,64.3
1394,2,64,10,403,17,8.5,6.8,61,44.5
1395,9,67,10,82,4,5.6,6.7,56,50.8
1396,10,86,10,243,18,8.8,7.4,32,58.7
1397,9,54,9,244,9,4.1,3.1,78,55.4
1398,1,43,7,388,17,5.9,7.6,59,33.3
1399,10,68,2,365,24,8.5,2.1,51,64.8
1400,3,98,9,356,20,5.4,1.6,48,47.2
1401,8,48,4,122,9,5.4,4.0,60,57.4
1402,6,66,8,234,4,5.5,6.8,49,55.4
1403,5,65,7,211,16,7.1,4.3,48,49.2
1404,5,58,7,179,21,6.2,6.8,31,32.8
1405,6,95,8,391,12,7.6,6.1,69,53.0
1406,7,67,1,226,22,8.5,2.5,68,45.7
1407,1,56,5,288,16,7.4,7.6,83,42.1
1408,9,82,2,213,8,5.0,1.4,56,48.5
1409,3,96,2,399,23,8.7,7.3,41,46.1
1410,4,80,1,422,11,5.3,3.1,46,33.2
1411,10,81,5,171,13,4.7,4.5,39,61.4
1412,1,89,2,256,13,4.4,4.0,48,35.7
1413,10,59,4,107,7,6.8,2.2,59,65.2
1414,3,84,3,30,22,4.6,3.5,59,50.3
1415,2,79,3,206,4,4.7,2.4,54,48.2
1416,2,78,2,233,18,5.5,2.4,95,56.3
1417,1,88,6,34,13,5.4,2.3,64,42.9
1418,8,92,2,285,8,7.0,4.4,80,53.2
1419,3,62,8,316,6,8.1,6.6,56,31.6
1420,3,86,8,430,7,7.8,5.0,39,30.0
1421,6,71,5,463,13,5.3,7.3,72,41.1
1422,8,91,10,92,21,5.2,5.5,84,64.9
1423,9,86,7,71,13,8.8,5.8,35,52.1
1424,9,72,4,147,10,4.0,5.7,35,47.4
1425,4,96,1,47,13,8.4,4.1,77,55.5
1426,5,85,2,84,20,5.0,5.8,31,38.4
1427,2,44,10,36,7,8.7,1.5,80,32.7
1428,9,82,10,370,2,5.7,7.0,90,65.0
1429,8,87,4,447,22,6.2,6.4,48,47.0
1430,3,73,1,157,17,7.5,2.7,31,33.0
1431,9,79,8,338,2,6.9,6.4,80,71.9
1432,3,50,9,248,12,5.6,1.1,55,35.9
1433,9,89,4,273,11,6.8,2.5,99,81.1
1434,2,42,10,496,14,7.7,1.5,49,43.4
1435,10,97,3,229,17,4.2,6.5,52,55.9
1436,9,72,2,450,4,4.1,6.3,83,49.2
1437,8,50,5,313,6,6.3,6.7,44,43.2
1438,9,55,3,250,10,4.7,1.0,35,54.7
1439,5,57,10,260,10,7.3,4.5,64,42.5
1440,2,69,7,89,14,5.1,5.9,37,39.1
1441,8,87,6,123,9,6.2,2.1,86,72.5
1442,6,94,1,223,14,5.0,5.5,79,49.1
1443,8,49,8,72,12,6.7,1.6,78,49.7
1444,5,57,2,481,13,4.6,2.3,50,43.9
1445,10,77,5,447,16,4.1,4.3,65,60.7
1446,2,58,9,394,12,4.3,5.6,98,38.1
1447,6,75,8,349,9,8.8,2.0,87,56.1
1448,5,98,2,73,24,4.7,2.3,92,57.1
1449,5,52,9,295,0,7.5,2.4,45,30.6
1450,1,95,5,354,0,4.3,2.7,35,41.9
1451,2,85,10,50,14,4.5,2.6,81,45.0
1452,8,42,6,154,15,6.5,3.8,31,30.0
1453,3,49,3,77,11,6.3,5.6,47,30.8
1454,10,77,3,124,23,8.8,4.1,64,55.7
1455,3,40,10,285,5,8.7,6.4,68,49.1
1456,8,94,8,29,5,7.9,6.0,30,50.4
1457,8,95,10,272,11,7.0,1.9,66,56.8
1458,2,66,10,314,24,6.3,1.3,50,42.6
1459,8,85,2,175,14,5.8,7.1,30,43.0
1460,1,47,2,177,3,8.7,1.6,33,30.0
1461,6,90,5,56,23,7.0,2.0,87,63.5
1462,8,85,6,138,3,6.9,1.2,30,45.8
1463,3,81,2,86,1,5.2,5.4,42,30.0
1464,8,56,5,261,23,4.2,5.1,75,63.1
1465,1,48,7,318,11,8.7,7.9,76,37.7
1466,9,45,10,482,6,5.6,7.2,36,43.3
1467,9,82,10,232,19,6.2,3.9,80,65.1
1468,5,64,8,327,8,4.6,3.6,32,42.9
1469,10,78,7,120,8,8.2,3.1,79,73.2
1470,4,88,8,75,7,4.1,2.1,55,42.7
1471,6,99,9,351,13,8.2,2.0,60,61.9
1472,7,67,5,343,0,4.7,1.9,91,52.8
1473,5,72,5,258,22,8.4,1.8,55,46.0
1474,10,93,10,412,20,7.6,2.7,96,76.0
1475,9,76,4,250,22,4.8,3.1,84,61.1
1476,3,48,9,381,11,6.8,7.7,57,40.1
1477,7,57,5,400,24,5.6,5.0,73,52.6
1478,10,95,2,111,1,4.9,7.9,67,51.1
1479,10,98,10,298,12,8.3,3.6,59,59.1
1480,5,60,8,466,3,6.0,4.2,95,48.8
1481,7,41,7,128,19,6.0,3.3,37,52.8
1482,2,97,8,336,17,4.8,2.3,43,37.1
1483,4,82,3,187,18,5.9,2.0,91,50.7
1484,2,98,4,319,15,8.4,7.6,92,46.5
1485,7,99,5,489,13,5.8,7.9,95,58.8
1486,2,77,6,427,7,8.8,1.3,69,46.0
1487,1,97,1,454,11,8.7,2.1,42,48.8
1488,9,79,4,461,8,4.7,4.0,46,57.0
1489,1,75,10,237,5,4.9,2.3,44,30.7
1490,8,89,5,241,17,8.3,3.5,62,78.8
1491,2,99,7,180,1,6.0,1.9,45,44.9
1492,8,82,5,35,22,4.0,4.2,42,47.3
1493,3,76,1,297,7,5.4,2.9,52,48.5
1494,6,54,7,76,23,7.0,3.5,65,43.5
1495,3,67,8,81,13,8.0,1.7,72,57.4
1496,7,57,7,382,5,4.7,4.0,79,45.3
1497,10,73,4,485,9,4.6,7.9,42,62.0
1498,9,61,8,346,7,8.6,3.3,59,57.6
1499,2,50,5,261,16,7.8,7.1,86,46.6
1500,5,97,10,109,24,6.9,6.9,59,66.9
1501,6,96,9,91,11,7.8,7.7,39,43.4
1502,4,52,10,345,16,6.1,6.5,95,55.7
1503,4,43,5,49,12,7.8,5.6,68,30.0
1504,4,61,1,378,18,5.9,7.0,66,31.1
1505,2,46,9,426,11,5.2,1.5,32,30.0
1506,4,82,5,307,15,7.6,4.2,63,50.8
1507,1,93,6,105,24,6.1,7.9,67,41.5
1508,6,63,4,253,4,8.9,6.4,43,41.4
1509,1,43,6,254,24,5.7,7.7,93,34.9
1510,10,67,8,332,15,8.6,6.5,68,64.5
1511,6,54,3,384,24,8.7,7.1,83,52.1
1512,1,40,5,284,5,5.2,5.9,31,30.0
1513,6,94,2,306,10,8.0,6.3,72,67.5
1514,10,42,2,346,16,6.2,4.7,82,53.5
1515,8,53,7,412,22,8.6,7.5,32,40.1
1516,2,77,10,288,13,6.3,6.8,70,47.3
1517,2,89,10,205,5,7.7,6.9,37,32.0
1518,4,96,10,150,24,6.3,5.7,92,52.9
1519,3,40,6,310,22,5.1,3.1,94,47.3
1520,4,77,4,296,10,5.0,1.2,33,38.9
1521,7,77,5,339,11,6.1,7.5,97,49.5
1522,1,60,1,370,12,7.8,5.1,39,30.0
1523,6,87,7,199,3,7.0,3.1,79,58.3
1524,3,68,8,309,6,7.4,2.0,52,49.6
1525,10,44,9,499,1,5.4,6.8,90,65.7
1526,7,88,8,396,5,6.4,6.9,76,59.2
1527,10,49,5,182,5,4.2,6.7,32,59.0
1528,2,67,3,290,17,8.1,5.5,46,33.0
1529,2,60,10,395,19,8.9,3.6,51,36.9
1530,4,89,9,115,7,6.0,3.1,45,30.0
1531,1,46,6,281,7,4.1,1.1,32,30.0
1532,3,42,5,384,7,4.8,6.8,81,41.7
1533,9,84,3,488,7,7.3,1.6,62,71.2
1534,7,86,6,372,0,7.1,5.4,71,51.2
1535,7,59,3,307,1,7.9,4.5,31,44.9
1536,4,58,10,455,11,5.3,4.7,68,50.7
1537,2,74,6,102,14,7.8,7.5,75,41.7
1538,4,43,4,244,3,7.4,1.2,77,30.0
1539,6,44,2,431,24,5.6,6.4,56,39.5
1540,3,40,8,242,2,6.7,1.4,44,38.3
1541,1,43,4,488,13,4.7,1.3,36,30.0
1542,8,51,9,137,21,6.3,4.0,86,53.8
1543,5,99,7,211,22,8.4,1.4,71,50.4
1544,5,66,2,98,7,6.1,6.5,38,30.0
1545,4,95,4,97,12,8.2,4.7,35,51.7
1546,6,81,5,166,22,7.0,1.2,86,57.8
1547,3,62,3,126,18,5.0,1.3,59,49.3
1548,9,64,9,401,21,6.9,5.3,84,66.6
1549,5,60,5,290,4,6.5,6.6,83,44.1
1550,3,97,2,409,12,6.0,4.1,56,44.3
1551,1,91,3,263,19,4.6,4.9,88,48.2
1552,10,63,9,92,0,6.1,6.6,36,59.0
1553,6,64,7,376,15,4.4,5.3,69,50.1
1554,2,84,2,487,22,4.5,2.6,31,41.9
1555,3,94,9,373,23,6.1,5.3,43,42.4
1556,1,85,4,441,1,5.5,5.4,39,30.0
1557,9,71,9,45,6,8.6,6.1,79,61.3
1558,8,94,2,229,5,5.9,5.3,47,55.6
1559,2,71,10,111,4,7.8,7.8,47,30.0
1560,8,44,4,144,3,6.7,2.4,45,34.8
1561,9,75,5,454,1,7.5,7.7,81,63.0
1562,1,85,2,92,9,5.3,4.8,98,41.8
1563,5,81,10,499,21,8.7,5.7,81,54.3
1564,8,88,1,142,4,6.7,1.7,60,54.5
1565,2,81,7,328,17,8.2,3.7,52,52.0
1566,4,97,10,203,9,5.8,6.4,71,62.0
1567,7,78,1,206,22,4.5,5.9,91,46.3
1568,3,55,8,217,21,7.4,1.3,79,40.4
1569,5,72,3,97,14,4.0,4.8,44,46.4
1570,8,88,10,367,8,6.4,1.6,73,68.2
1571,10,60,6,205,10,5.0,8.0,71,55.4
1572,3,48,7,363,20,7.1,7.3,74,30.0
1573,4,45,10,272,24,8.9,1.1,64,38.2
1574,9,90,1,32,24,6.3,7.0,51,51.7
1575,7,84,6,318,16,8.1,7.4,67,57.2
1576,1,74,7,95,20,6.5,3.5,99,57.7
1577,4,78,6,70,8,6.5,6.0,93,46.5
1578,4,61,4,294,22,8.7,4.1,36,30.0
1579,9,80,1,168,15,8.4,5.6,73,58.2
1580,6,93,9,238,5,7.9,3.4,36,59.4
1581,9,44,4,141,21,5.5,3.3,95,45.5
1582,6,81,7,230,10,6.7,4.0,89,68.1
1583,6,62,7,299,22,5.1,2.0,30,40.3
1584,5,56,2,45,16,6.2,6.8,91,40.3
1585,5,51,1,192,3,6.4,3.4,47,30.0
1586,2,62,8,175,14,8.2,3.8,36,38.8
1587,8,55,8,257,0,8.5,7.3,83,53.8
1588,8,42,7,395,21,6.1,4.5,96,55.2
1589,1,69,8,101,19,4.1,4.8,39,30.0
1590,8,96,3,375,0,8.3,7.7,90,61.6
1591,5,61,2,432,8,4.9,7.2,88,41.8
1592,2,48,7,292,11,7.1,2.2,88,39.8
1593,2,68,8,87,3,4.1,4.3,98,40.8
1594,6,86,1,63,21,6.0,7.8,92,43.8
1595,9,76,10,80,12,8.9,3.6,37,75.6
1596,1,62,9,142,6,4.5,3.6,84,30.2
1597,6,52,4,368,7,6.1,2.4,35,40.1
1598,9,71,4,215,12,5.5,1.8,30,37.7
1599,8,85,3,349,10,8.5,6.2,85,46.9
1600,6,91,6,428,8,8.3,6.4,39,50.2
1601,3,86,1,498,24,5.2,7.8,52,39.8
1602,8,87,6,342,23,4.4,6.4,45,61.6
1603,9,62,2,130,15,7.1,2.7,45,53.0
1604,1,84,9,277,9,5.7,1.3,85,46.2
1605,9,56,2,108,10,7.4,7.9,35,37.6
1606,6,94,7,452,11,4.2,3.4,59,64.7
1607,6,79,1,217,13,4.7,3.2,92,60.9
1608,4,60,7,301,18,7.4,7.3,30,30.0
1609,1,41,5,219,11,5.1,5.1,80,31.5
1610,10,76,8,118,17,8.3,2.5,75,66.9
1611,8,45,4,46,20,4.3,7.2,50,39.4
1612,2,83,10,108,16,5.1,8.0,67,48.1
1613,1,57,7,165,2,9.0,1.6,98,49.4
1614,2,69,6,201,0,6.2,7.0,92,41.9
1615,1,61,5,276,18,7.5,3.7,79,36.0
1616,1,93,4,208,3,4.9,4.7,41,46.5
1617,9,72,7,259,22,7.0,7.4,98,69.9
1618,1,69,5,378,15,7.6,7.8,73,37.3
1619,4,56,5,406,11,5.6,2.8,81,32.7
1620,10,82,1,215,20,8.1,2.5,38,58.8
1621,6,71,2,316,20,7.0,1.6,94,60.1
1622,7,81,5,184,12,5.9,4.9,39,30.0
1623,2,90,3,326,16,6.8,1.1,75,48.6
1624,6,53,2,290,7,6.9,3.9,87,45.2
1625,7,97,4,27,12,4.8,1.5,66,57.1
1626,10,49,4,57,19,6.0,3.8,81,50.2
1627,10,86,4,133,4,5.7,1.3,42,58.1
1628,2,99,4,358,17,6.0,6.8,35,48.1
1629,2,90,3,75,14,7.8,2.5,87,45.9
1630,10,75,7,450,11,6.4,3.3,77,71.0
1631,7,73,9,493,16,8.7,7.1,61,47.6
1632,1,48,5,378,24,5.5,6.2,40,30.0
1633,8,81,4,157,14,6.1,2.5,34,50.9
1634,3,67,2,121,1,7.9,1.5,35,37.9
1635,6,50,2,353,5,6.7,6.0,50,38.9
1636,9,53,5,196,16,6.7,3.7,71,58.4
1637,6,78,7,188,15,4.3,6.4,56,30.2
1638,9,94,10,358,16,6.0,4.1,32,48.4
1639,7,86,10,305,24,5.4,3.4,89,65.7
1640,9,93,9,280,19,9.0,4.2,95,57.3
1641,2,58,7,394,8,5.5,6.2,78,34.5
1642,8,93,5,242,4,8.4,7.3,63,58.5
1643,8,54,10,218,22,7.4,1.3,66,49.0
1644,2,67,10,230,0,5.7,4.7,71,36.6
1645,4,63,10,306,5,6.7,1.2,94,54.2
1646,7,47,6,199,23,8.2,4.3,89,59.1
1647,4,82,3,269,13,8.4,7.2,30,31.9
1648,4,48,5,250,16,4.8,3.5,88,38.7
1649,6,86,8,491,24,5.7,7.5,33,41.1
1650,10,72,1,42,18,5.7,5.4,43,35.3
1651,6,72,1,67,0,4.2,7.5,47,42.2
1652,10,58,7,128,0,7.0,6.3,63,62.5
1653,3,42,5,315,12,8.3,1.7,30,36.9
1654,9,49,5,25,13,5.9,2.6,82,49.2
1655,10,79,1,57,5,7.7,3.8,51,48.6
1656,2,86,9,188,5,7.1,2.2,90,51.6
1657,6,81,1,375,0,5.9,4.5,51,52.5
1658,7,40,5,302,13,4.7,4.3,79,47.1
1659,9,68,10,222,2,7.5,7.7,45,55.4
1660,3,89,9,344,22,8.3,4.0,57,55.8
1661,10,73,4,332,9,7.4,6.5,99,60.3
1662,3,90,8,292,18,4.1,7.6,71,44.9
1663,7,52,6,263,18,5.1,7.1,95,62.9
1664,4,93,3,346,18,4.3,2.5,64,47.1
1665,8,40,4,494,22,6.9,4.5,49,34.1
1666,7,73,2,66,3,7.8,3.4,31,40.5
1667,5,68,1,268,19,4.6,3.8,36,31.0
1668,7,87,8,98,18,8.2,3.5,78,63.7
1669,3,86,1,129,9,6.8,6.8,38,30.8
1670,2,52,1,32,24,7.4,4.2,56,33.2
1671,6,87,4,414,1,8.9,4.7,31,41.9
1672,2,88,10,399,3,4.4,7.9,97,34.8
1673,3,92,10,384,23,8.5,1.4,89,59.0
1674,6,68,6,109,5,4.6,4.4,78,51.7
1675,5,78,9,361,6,6.0,6.4,31,46.1
1676,8,63,1,367,15,8.3,2.1,46,43.8
1677,9,65,7,299,6,8.5,5.3,49,48.2
1678,3,56,10,240,17,6.5,2.7,61,43.4
1679,10,46,5,92,19,7.0,7.1,80,65.6
1680,3,52,8,253,21,7.5,3.3,71,40.9
1681,3,44,7,279,18,8.2,3.3,92,45.8
1682,6,65,4,132,8,4.6,5.2,90,48.7
1683,1,88,4,65,19,8.1,2.3,91,36.8
1684,7,42,6,293,9,6.4,3.0,32,45.9
1685,1,46,6,62,12,6.3,3.9,55,35.6
1686,5,97,9,227,17,6.1,3.5,77,62.9
1687,10,88,5,436,15,6.5,4.7,37,56.5
1688,8,78,8,368,21,8.7,5.2,34,56.2
1689,4,92,5,122,16,6.7,5.0,40,50.6
1690,5,40,2,143,21,8.8,5.6,71,50.6
1691,4,88,6,29,12,4.9,3.2,70,56.8
1692,4,56,9,348,11,7.6,1.9,48,41.4
1693,8,82,3,206,9,8.1,6.3,77,49.1
1694,2,64,1,50,0,7.4,7.0,82,39.2
1695,1,98,1,175,7,7.0,2.8,84,48.2
1696,3,42,3,79,20,6.8,3.8,90,44.0
1697,9,54,10,268,21,8.3,4.5,61,64.6
1698,4,68,5,406,17,8.1,4.7,75,45.5
1699,10,92,3,393,1,4.6,5.6,65,76.7
1700,5,82,9,458,15,8.2,1.3,47,38.0
1701,2,71,8,289,11,6.1,6.1,47,39.1
1702,4,65,3,461,8,5.3,1.4,41,32.3
1703,2,99,9,236,2,8.3,4.3,75,37.9
1704,2,55,6,418,21,6.2,6.8,84,36.8
1705,4,64,7,21,20,8.0,4.2,67,34.6
1706,6,93,4,43,3,5.3,2.0,31,47.0
1707,7,67,4,225,1,4.0,7.9,38,42.1
1708,10,48,2,339,7,6.5,7.2,34,52.3
1709,3,95,5,218,9,4.5,6.4,48,31.8
1710,3,95,8,375,15,7.8,3.9,68,57.2
1711,10,40,7,133,22,5.4,2.3,71,54.9
1712,6,68,7,299,10,6.2,7.6,46,51.2
1713,3,96,6,174,17,4.4,4.7,92,49.7
1714,2,61,3,184,21,5.4,7.0,75,30.0
1715,8,55,5,241,13,7.9,3.4,49,39.8
1716,5,80,1,110,7,4.8,3.3,99,44.5
1717,1,90,7,186,22,7.2,7.9,37,38.9
1718,3,83,9,466,14,8.6,4.7,48,54.6
1719,10,90,1,226,16,7.4,2.0,61,58.9
1720,8,93,2,301,20,8.1,2.5,48,61.1
1721,4,80,3,84,17,4.5,4.4,53,31.5
1722,7,46,3,395,5,5.3,1.3,53,44.4
1723,10,53,8,23,22,8.5,4.2,85,66.1
1724,2,68,7,176,13,7.6,3.9,47,30.0
1725,7,58,6,268,22,7.2,6.5,41,42.1
1726,5,58,10,276,2,7.3,3.5,70,52.9
1727,5,41,10,254,6,6.1,7.9,77,30.0
1728,6,80,4,325,14,4.2,2.3,93,65.9
1729,9,84,9,385,20,7.9,5.1,45,60.9
1730,6,54,1,489,23,7.4,1.6,52,47.3
1731,8,42,2,414,15,6.4,6.1,68,42.4
1732,7,50,4,93,15,8.5,8.0,62,32.6
1733,9,92,3,206,7,5.7,6.7,53,60.8
1734,4,85,1,81,6,5.5,4.9,90,49.5
1735,2,69,5,356,5,8.4,4.4,84,43.8
1736,7,96,7,183,1,8.0,6.8,90,71.2
1737,6,79,2,75,21,6.6,7.6,69,54.4
1738,1,57,5,130,12,4.7,7.9,87,48.5
1739,9,90,6,237,11,5.1,3.8,30,55.7
1740,9,87,7,259,14,7.3,7.9,54,53.4
1741,2,41,1,40,8,5.9,2.1,82,32.7
1742,3,71,7,160,1,8.2,2.8,90,52.4
1743,5,47,4,284,16,8.7,1.6,75,51.9
1744,5,61,8,158,4,8.0,2.9,89,41.8
1745,1,45,4,478,10,5.9,6.4,80,31.6
1746,8,51,6,89,21,7.9,7.0,77,62.9
1747,8,86,9,404,18,5.8,6.5,69,57.8
1748,4,96,5,137,23,4.8,5.4,36,49.9
1749,7,79,4,217,6,4.2,4.6,48,52.1
1750,10,75,8,224,1,5.9,6.0,44,63.2
1751,3,54,9,233,15,8.5,3.7,99,42.0
1752,6,67,4,75,11,5.2,6.9,90,45.3
1753,10,91,3,306,22,5.0,5.7,85,66.0
1754,10,96,8,489,14,8.8,5.9,39,51.5
1755,9,88,5,312,0,4.1,4.8,75,59.8
1756,1,84,2,194,24,7.9,7.2,86,43.8
1757,5,57,10,366,12,5.6,2.8,64,58.4
1758,4,41,9,389,22,4.2,3.7,32,34.2
1759,8,52,3,481,5,8.6,6.4,95,59.0
1760,1,84,2,147,12,4.7,4.4,82,49.2
1761,9,93,1,450,17,6.8,7.2,81,55.5
1762,6,54,8,397,2,5.4,3.4,82,48.7
1763,4,59,3,344,0,4.3,3.6,83,60.2
1764,9,68,7,461,14,4.2,7.2,76,56.1
1765,5,98,1,311,12,4.6,4.3,32,51.9
1766,5,81,1,307,4,4.4,4.6,94,58.7
1767,5,68,9,245,24,7.8,3.3,44,34.7
1768,1,42,8,83,12,6.4,2.9,63,33.5
1769,1,58,3,474,21,5.7,5.6,79,35.4
1770,8,42,6,445,4,6.1,1.8,62,50.4
1771,8,93,3,67,18,8.6,7.2,32,46.6
1772,6,53,4,221,20,8.6,6.5,31,30.0
1773,4,79,1,356,23,7.6,2.3,33,36.2
1774,2,98,5,433,17,8.4,5.9,45,41.6
1775,2,94,1,424,20,5.6,5.2,83,54.1
1776,9,43,1,79,21,5.9,2.3,62,60.7
1777,5,98,10,416,9,7.1,2.9,38,61.5
1778,4,99,7,276,23,7.1,3.9,86,63.1
1779,10,91,6,84,7,6.4,5.9,69,57.8
1780,1,50,2,258,14,6.0,5.5,81,30.0
1781,7,97,2,308,20,8.9,4.7,45,55.3
1782,3,70,7,57,24,8.1,6.4,37,32.3
1783,6,82,1,44,19,6.2,6.3,89,57.8
1784,5,71,2,429,24,7.6,5.3,65,50.4
1785,5,66,8,480,22,5.3,6.5,32,42.6
1786,5,69,6,78,21,4.5,3.3,44,49.3
1787,1,82,2,495,3,5.8,7.2,52,30.0
1788,1,41,7,436,1,6.0,5.3,32,30.0
1789,3,88,4,376,23,4.1,6.8,59,37.1
1790,10,48,2,402,5,8.1,4.8,74,47.9
1791,4,67,6,316,2,5.8,2.5,46,44.3
1792,5,70,9,177,6,6.9,4.8,87,61.5
1793,2,99,9,76,9,4.4,3.6,87,55.5
1794,8,73,8,452,22,4.9,5.9,86,59.1
1795,2,95,3,67,5,8.4,4.3,36,41.7
1796,9,54,3,347,15,7.0,6.9,68,52.1
1797,2,87,2,452,1,8.8,5.7,87,38.8
1798,9,64,5,450,23,9.0,5.8,85,50.9
1799,7,75,4,75,16,5.9,2.5,44,48.2
1800,8,47,7,84,12,5.5,7.9,73,49.2
1801,2,48,4,287,0,8.3,6.9,41,30.0
1802,7,97,9,88,5,9.0,6.5,37,59.6
1803,6,97,2,235,4,7.1,3.3,70,54.6
1804,4,76,6,409,24,8.0,4.7,63,50.2
1805,7,87,7,108,12,7.9,2.0,75,59.7
1806,4,84,4,468,22,5.8,4.8,58,57.9
1807,2,78,6,300,17,6.9,2.0,45,39.5
1808,10,71,7,276,11,8.2,4.9,34,71.1
1809,7,97,4,179,6,7.4,5.5,34,54.0
1810,8,91,8,253,14,4.1,3.7,59,57.3
1811,2,56,9,150,2,5.7,4.5,79,33.6
1812,5,74,1,68,15,4.7,7.1,34,30.0
1813,1,76,7,166,0,5.2,1.8,42,30.0
1814,7,58,9,335,15,8.5,6.5,78,46.9
1815,8,83,10,432,23,4.2,2.2,79,65.3
1816,6,68,5,453,11,5.1,1.3,43,41.3
1817,5,98,2,21,18,5.5,2.3,75,55.9
1818,6,46,10,348,7,7.1,6.4,63,53.4
1819,2,67,6,459,22,6.7,3.8,76,40.8
1820,1,48,7,164,11,5.1,7.1,89,49.4
1821,7,67,2,463,14,4.8,4.7,40,35.1
1822,7,45,2,385,1,5.2,1.2,79,46.5
1823,10,68,10,439,16,6.5,6.0,33,50.1
1824,10,97,10,80,6,5.4,1.8,70,76.6
1825,2,56,1,292,12,8.7,6.5,88,30.0
1826,2,55,4,68,0,6.3,2.2,89,30.5
1827,1,62,7,351,5,4.3,3.4,91,39.4
1828,10,70,9,463,12,7.6,6.3,54,69.3
1829,8,42,3,423,10,5.6,7.7,62,44.9
1830,8,60,7,453,9,7.3,3.6,48,40.5
1831,1,65,7,150,15,5.4,6.8,86,30.4
1832,8,75,7,62,23,6.9,2.3,44,65.1
1833,9,81,2,76,22,7.9,6.7,70,54.0
1834,4,76,6,69,19,8.6,5.6,98,46.5
1835,1,92,2,471,16,5.3,2.3,89,56.1
1836,1,61,6,484,16,5.7,3.1,51,39.3
1837,3,81,10,197,3,6.3,1.9,72,58.3
1838,5,51,3,312,4,8.6,3.7,61,34.7
1839,5,81,2,65,22,8.5,2.4,42,34.5
1840,9,52,6,189,13,4.4,5.5,67,52.3
1841,10,50,2,290,19,4.7,8.0,55,50.2
1842,2,93,5,436,9,6.5,1.1,34,42.8
1843,2,55,2,355,13,4.5,4.8,78,45.5
1844,6,47,3,158,0,5.7,5.0,34,30.0
1845,9,79,3,266,10,4.7,7.4,77,63.8
1846,1,98,6,167,22,7.2,4.5,47,33.1
1847,9,96,6,249,17,8.7,4.8,35,64.4
1848,9,79,10,299,15,9.0,4.3,95,65.3
1849,9,84,3,144,17,5.9,2.9,71,55.0
1850,5,98,3,211,7,7.0,1.4,81,53.2
1851,9,41,1,393,9,8.3,3.9,40,33.3
1852,4,69,7,99,9,4.6,1.4,55,43.6
1853,2,69,8,113,4,7.4,4.9,50,32.1
1854,6,51,2,245,9,6.0,3.2,95,54.7
1855,4,49,4,84,17,5.0,4.7,69,42.7
1856,6,83,10,107,20,6.0,1.9,85,71.6
1857,3,50,7,107,23,4.4,7.5,80,40.5
1858,6,54,8,220,5,7.5,7.3,49,46.0
1859,2,55,1,233,2,5.3,2.3,86,47.8
1860,2,56,4,223,7,5.6,3.4,34,30.0
1861,9,65,6,420,8,4.6,5.3,43,39.6
1862,7,41,3,401,4,8.3,1.7,53,44.6
1863,3,89,5,108,1,6.5,3.5,97,43.2
1864,1,51,10,495,1,6.9,2.8,81,55.7
1865,8,90,9,80,6,6.8,7.4,77,72.3
1866,6,65,3,290,16,6.1,7.0,76,62.6
1867,7,62,5,113,9,5.0,5.1,89,53.7
1868,9,57,8,326,11,7.7,4.6,32,52.6
1869,5,71,6,46,1,4.6,7.5,38,36.2
1870,1,88,4,233,9,4.5,7.5,53,41.8
1871,10,77,8,93,19,7.6,7.8,33,46.2
1872,7,96,3,80,0,5.0,1.9,38,34.3
1873,5,86,3,205,3,5.5,2.1,30,37.7
1874,3,42,4,50,12,6.4,5.7,64,30.0
1875,9,77,9,238,11,6.2,4.8,41,65.5
1876,1,42,5,31,10,7.5,1.1,47,40.8
1877,1,69,8,321,9,7.1,1.4,39,30.0
1878,1,40,6,434,14,7.2,7.2,47,33.9
1879,3,69,3,51,4,7.6,7.1,53,43.8
1880,6,84,8,179,24,5.5,3.5,30,36.0
1881,10,71,9,256,16,5.6,7.2,45,52.7
1882,3,67,8,246,4,6.2,5.2,44,33.5
1883,8,60,4,200,1,5.5,6.6,91,59.9
1884,10,97,6,336,8,8.9,4.0,34,52.9
1885,2,85,1,65,5,8.1,1.8,74,44.0
1886,9,52,4,360,17,4.8,4.0,81,49.3
1887,3,66,8,477,13,4.0,4.2,36,38.4
1888,5,75,1,99,18,4.2,4.9,56,41.1
1889,10,46,3,154,13,5.2,1.7,42,44.4
1890,8,61,1,279,7,4.6,7.9,46,41.8
1891,2,49,9,494,16,6.7,2.7,73,52.6
1892,6,78,2,327,2,8.3,2.4,42,43.9
1893,5,92,9,266,9,7.7,4.7,34,41.0
1894,10,54,4,492,16,5.1,4.8,62,57.1
1895,9,54,2,178,10,6.0,4.1,33,43.5
1896,5,43,4,222,7,6.5,6.4,55,30.0
1897,2,71,10,131,0,8.1,4.6,97,64.5
1898,5,62,6,487,12,8.2,5.3,45,39.0
1899,4,94,7,311,20,8.5,6.1,51,45.8
1900,7,45,3,457,3,6.5,1.2,65,47.0
1901,6,63,3,329,6,7.5,5.0,87,63.0
1902,2,59,10,138,13,4.6,7.2,84,30.0
1903,5,97,8,402,4,6.8,1.1,64,58.3
1904,7,76,5,36,23,5.2,3.8,54,65.1
1905,7,59,4,350,10,6.2,7.5,90,52.5
1906,5,51,7,433,16,7.2,3.5,47,31.4
1907,9,72,7,246,4,5.3,4.2,87,57.6
1908,4,67,9,380,19,4.3,7.9,86,48.1
1909,3,47,9,425,2,4.1,2.4,92,52.3
1910,4,40,5,136,4,4.1,1.5,41,30.0
1911,5,76,8,62,14,4.0,7.0,40,47.8
1912,6,61,10,387,18,4.6,7.1,42,32.4
1913,3,45,1,134,15,5.2,4.3,64,30.0
1914,2,60,9,302,7,5.1,4.6,56,32.6
1915,4,71,8,56,12,8.9,6.9,96,62.0
1916,5,74,6,321,15,5.5,6.2,74,48.9
1917,4,54,3,132,2,4.6,2.9,96,47.1
1918,3,44,3,54,0,6.7,1.1,51,34.9
1919,8,99,8,151,8,8.3,4.4,71,72.7
1920,10,95,5,355,8,7.4,7.0,49,57.0
1921,4,85,10,355,21,5.5,7.3,77,55.6
1922,2,89,7,488,16,6.8,7.7,47,33.9
1923,2,87,5,429,23,7.6,7.2,99,63.1
1924,1,45,8,396,1,7.6,5.1,35,30.0
1925,4,64,10,247,8,7.3,4.1,68,40.0
1926,10,95,10,166,23,8.4,6.4,40,66.6
1927,9,85,4,141,18,8.4,6.2,54,58.2
1928,7,98,2,100,12,6.9,4.8,84,63.1
1929,10,95,3,192,4,6.1,1.6,87,71.5
1930,7,79,8,173,8,7.2,7.5,66,46.7
1931,7,68,7,169,12,8.1,4.2,45,60.2
1932,8,46,2,394,0,4.0,3.5,99,58.8
1933,1,79,6,77,24,9.0,5.4,66,49.8
1934,10,52,9,82,14,4.9,5.7,82,54.8
1935,10,77,4,175,3,6.4,2.5,45,60.1
1936,8,57,9,468,3,8.4,6.9,47,50.3
1937,4,41,2,447,19,5.1,3.0,48,39.8
1938,4,47,2,375,9,6.4,2.3,73,47.5
1939,4,50,9,446,24,4.7,3.8,31,35.0
1940,6,72,7,440,5,6.0,6.1,87,43.2
1941,7,93,7,341,23,4.9,7.8,39,63.1
1942,6,77,1,420,11,5.8,6.7,75,53.2
1943,1,87,6,187,19,5.9,7.6,48,31.7
1944,8,66,7,185,15,9.0,2.0,67,59.7
1945,10,59,6,104,2,9.0,1.5,66,49.1
1946,7,51,6,464,13,4.6,4.9,74,55.3
1947,6,82,2,156,0,7.6,3.0,63,41.1
1948,6,70,6,480,9,4.3,6.8,31,38.9
1949,5,66,4,478,14,4.2,5.7,73,46.6
1950,6,71,9,208,6,4.5,7.8,56,54.1
1951,9,49,1,483,3,8.8,2.8,77,54.4
1952,10,42,8,419,13,8.7,4.4,36,53.3
1953,9,84,5,398,23,5.0,4.5,56,57.3
1954,10,66,1,21,15,4.8,2.7,47,52.2
1955,8,74,4,125,13,5.2,5.1,62,53.5
1956,10,70,1,383,2,6.6,4.1,62,55.3
1957,9,54,6,91,16,6.8,4.1,54,39.3
1958,10,55,2,446,20,5.1,3.5,43,43.8
1959,8,52,5,145,13,7.8,1.1,67,54.0
1960,8,88,7,189,17,5.5,4.7,67,57.6
1961,1,74,2,224,2,8.6,3.3,33,30.2
1962,10,91,6,332,21,7.3,1.0,91,69.8
1963,5,50,6,356,18,6.2,3.2,39,31.3
1964,4,98,5,491,2,7.9,3.0,64,48.8
1965,2,60,5,214,11,8.1,3.8,52,32.9
1966,8,90,3,177,21,5.5,1.9,94,64.6
1967,3,93,10,160,4,5.7,4.6,54,49.9
1968,4,50,10,294,9,8.7,5.8,82,44.1
1969,7,69,2,26,8,4.8,5.4,46,37.4
1970,10,99,7,412,0,4.2,6.6,86,59.5
1971,9,87,1,486,12,6.3,4.2,49,73.8
1972,2,92,6,73,2,8.0,4.6,54,35.6
1973,3,74,6,123,18,7.9,6.7,71,40.2
1974,4,61,3,361,10,8.6,4.0,74,47.5
1975,10,77,2,357,15,6.7,5.9,60,60.2
1976,1,70,2,80,5,4.5,4.0,94,43.7
1977,7,53,9,106,23,6.9,3.9,81,49.9
1978,2,63,5,277,2,7.9,6.3,50,35.7
1979,5,89,7,197,18,4.5,2.2,59,51.6
1980,1,88,5,261,5,4.9,3.4,32,32.0
1981,3,71,7,222,7,4.1,2.6,99,51.0
1982,2,75,4,50,21,7.0,3.5,72,49.3
1983,1,71,8,308,12,8.4,2.6,58,38.6
1984,7,94,10,481,11,7.4,5.1,32,53.4
1985,5,54,10,99,9,8.9,6.6,87,57.0
1986,1,82,7,30,2,4.3,6.5,62,44.5
1987,6,97,10,436,3,8.5,3.6,74,72.6
1988,5,74,5,273,0,8.1,7.9,98,40.9
1989,3,42,6,403,12,5.6,5.2,61,39.7
1990,7,55,5,410,23,8.9,3.8,81,56.7
1991,10,44,7,403,3,5.4,6.8,93,51.2
1992,9,60,2,306,21,8.4,6.1,69,55.2
1993,9,49,5,195,10,8.4,6.2,42,54.1
1994,9,58,10,145,18,7.8,2.4,58,50.5
1995,2,64,3,66,10,6.8,4.3,92,45.2
1996,3,43,9,225,11,4.6,7.0,55,38.6
1997,7,68,6,495,10,6.7,4.5,88,48.7
1998,5,58,10,456,5,5.8,5.8,78,46.6
1999,2,82,3,126,11,8.0,5.1,82,47.0
2000,3,41,7,483,8,7.8,6.9,60,30.0
2001,10,49,4,294,24,8.6,3.0,41,44.1
2002,6,82,3,356,9,4.1,5.0,87,53.0
2003,7,64,8,142,2,8.0,1.9,65,59.2
2004,9,59,4,493,2,8.7,5.8,39,53.0
2005,1,87,1,153,19,7.9,6.1,35,30.0
2006,7,58,6,126,22,4.7,1.3,36,48.5
2007,8,62,10,324,15,4.4,5.7,60,46.0
2008,3,63,1,348,2,4.1,3.9,32,30.0
2009,4,50,5,69,9,7.1,1.9,76,40.2
2010,10,85,7,356,23,7.1,3.9,30,65.2
2011,6,73,6,114,10,8.9,2.4,74,58.9
2012,10,94,2,287,7,6.0,3.9,83,67.1
2013,7,67,4,42,5,5.7,3.7,79,50.1
2014,4,44,2,73,19,7.1,6.2,36,30.0
2015,8,98,1,393,10,8.1,6.4,92,65.0
2016,5,44,3,273,20,8.7,5.2,44,30.0
2017,1,90,3,472,11,8.0,1.2,96,46.7
2018,4,60,7,254,15,6.1,7.5,59,38.1
2019,3,51,1,78,17,7.2,5.8,97,31.4
2020,9,89,9,183,12,8.3,1.2,65,59.9
2021,8,43,6,278,21,6.5,6.7,96,55.7
2022,1,93,4,333,2,5.1,2.4,34,36.0
2023,6,88,3,235,14,4.8,5.1,54,47.0
2024,9,81,3,202,21,4.0,4.3,40,45.7
2025,7,59,2,76,20,7.6,3.9,95,65.1
2026,4,77,2,164,13,4.6,7.2,57,34.5
2027,1,64,10,442,17,5.2,4.1,89,43.6
2028,2,53,5,109,13,5.5,1.5,39,30.0
2029,5,50,9,471,4,6.8,7.6,79,45.2
2030,5,71,2,330,20,6.0,7.4,68,47.4
2031,8,50,2,64,13,7.4,5.8,66,37.9
2032,6,57,6,479,24,4.3,4.3,92,50.6
2033,8,66,10,276,7,4.6,1.7,90,69.3
2034,2,94,2,40,22,6.5,6.5,67,55.2
2035,3,93,4,486,14,5.7,1.5,62,46.3
2036,6,57,6,40,14,5.5,1.5,74,49.3
2037,10,95,5,71,18,4.3,4.8,73,81.1
2038,3,62,1,357,19,8.5,2.1,30,40.6
2039,6,50,6,190,5,7.5,1.1,82,45.8
2040,6,60,1,455,18,4.6,4.0,76,41.7
2041,2,83,3,86,24,4.3,2.0,62,47.5
2042,7,44,10,132,7,8.9,2.1,96,49.0
2043,2,62,5,319,5,7.4,1.5,44,42.4
2044,6,80,10,179,19,6.1,2.4,43,52.8
2045,1,98,5,285,22,7.5,6.0,52,44.3
2046,3,64,10,339,14,7.8,6.7,83,43.9
2047,2,80,6,251,2,7.9,4.2,37,32.8
2048,7,93,10,482,9,6.4,4.5,83,73.5
2049,4,49,8,344,14,6.1,1.2,65,40.0
2050,8,61,5,87,23,4.1,1.5,81,52.4
2051,6,58,1,47,15,8.6,2.8,35,39.3
2052,10,40,5,456,16,7.0,4.8,57,51.4
2053,4,46,3,135,18,5.0,6.2,79,31.0
2054,5,43,4,70,10,8.6,5.2,67,36.4
2055,9,40,8,200,15,8.6,3.7,59,46.4
2056,7,54,7,279,4,8.9,1.8,83,60.6
2057,10,79,5,98,4,8.4,6.5,75,57.0
2058,9,51,2,292,13,9.0,3.5,57,38.1
2059,7,61,6,127,17,5.2,6.2,46,30.7
2060,1,61,6,470,7,8.2,4.6,77,30.0
2061,8,89,10,93,4,8.1,6.2,73,72.3
2062,4,86,10,194,6,5.2,7.4,89,53.3
2063,3,56,6,203,15,4.5,7.4,89,44.4
2064,7,68,9,42,22,8.9,4.7,34,51.7
2065,3,85,8,293,13,5.5,4.6,98,53.2
2066,8,53,8,148,4,8.4,2.9,99,59.3
2067,6,89,1,310,23,4.0,7.6,36,50.5
2068,5,59,5,339,8,4.1,4.2,82,47.1
2069,4,89,7,205,3,6.3,1.9,46,56.9
2070,8,87,6,498,3,5.2,4.0,88,67.3
2071,8,72,5,78,15,7.4,1.9,38,46.5
2072,1,94,8,20,23,6.8,4.5,51,37.9
2073,9,98,3,150,16,4.4,4.9,74,58.0
2074,5,82,6,86,14,4.8,3.4,88,62.8
2075,4,54,5,312,3,5.9,1.5,42,33.8
2076,6,51,8,486,5,4.9,7.6,41,33.0
2077,6,79,4,304,15,8.0,6.4,65,52.8
2078,2,93,8,108,3,6.1,6.9,39,39.0
2079,8,59,10,436,5,4.5,3.6,45,51.3
2080,7,69,2,119,4,6.4,6.3,48,58.6
2081,1,77,9,208,15,4.5,4.4,35,39.7
2082,5,42,9,496,24,4.6,2.4,33,35.4
2083,6,67,10,397,15,5.2,1.9,59,40.3
2084,4,95,10,365,9,8.3,3.4,75,52.7
2085,2,65,6,407,8,8.6,2.0,56,43.7
2086,4,69,4,260,3,8.1,8.0,74,35.9
2087,1,52,4,289,13,5.7,1.3,66,47.9
2088,7,52,6,238,3,5.4,4.1,38,41.9
2089,2,41,5,436,11,6.7,4.2,90,37.3
2090,2,76,6,425,23,7.6,3.1,64,37.4
2091,9,88,7,195,9,9.0,5.0,76,68.7
2092,5,77,7,406,3,4.7,2.0,50,38.5
2093,2,41,9,490,17,4.2,6.5,46,43.0
2094,9,75,8,360,12,7.5,3.3,84,73.4
2095,9,93,6,252,12,8.2,5.1,35,64.2
2096,1,65,6,170,13,8.2,6.0,64,30.0
2097,3,50,5,471,17,7.4,7.2,79,39.8
2098,4,47,1,296,0,8.8,6.9,66,44.9
2099,7,83,9,248,20,6.6,5.3,42,56.0
2100,10,79,9,190,15,8.6,3.7,54,55.5
2101,4,82,9,242,14,8.8,4.5,30,38.6
2102,2,61,8,232,21,8.2,6.4,78,37.6
2103,7,59,10,301,24,5.5,7.1,64,45.0
2104,6,47,3,60,4,5.0,1.7,82,57.0
2105,3,68,1,141,5,6.7,3.7,81,30.0
2106,6,79,8,246,5,6.3,6.4,83,59.9
2107,6,65,7,313,2,8.4,4.0,76,43.1
2108,5,69,5,107,15,4.5,3.3,72,40.5
2109,4,56,10,286,11,5.3,3.9,49,30.0
2110,10,59,7,48,3,7.8,5.2,62,53.1
2111,1,91,10,266,0,4.5,8.0,45,48.1
2112,10,94,4,335,3,5.6,4.5,36,60.1
2113,6,55,9,470,0,5.9,2.5,99,46.4
2114,2,85,10,468,20,7.1,2.1,50,50.9
2115,3,82,2,263,7,4.8,1.3,65,52.4
2116,8,46,9,80,23,8.3,4.9,83,55.0
2117,10,55,9,166,4,6.2,4.8,48,67.8
2118,6,84,5,193,1,8.6,2.4,54,58.2
2119,3,98,1,452,11,6.3,5.9,96,56.7
2120,7,86,7,297,21,5.4,6.2,82,52.9
2121,4,95,10,353,16,4.7,2.8,77,59.5
2122,9,87,10,388,6,4.0,3.4,71,65.3
2123,5,66,4,460,10,6.7,7.9,76,49.2
2124,3,92,9,398,3,4.5,3.6,71,44.9
2125,2,62,6,161,4,6.0,6.3,31,30.4
2126,2,63,3,63,5,6.9,4.2,35,30.0
2127,3,48,6,163,10,5.4,6.6,75,30.0
2128,2,74,10,372,0,4.9,6.4,95,53.7
2129,4,90,6,352,24,7.9,5.7,69,39.9
2130,2,59,5,415,9,8.7,7.0,87,41.3
2131,10,76,2,74,19,4.5,7.6,62,58.2
2132,9,81,10,326,23,4.8,5.1,91,68.1
2133,2,56,10,377,20,8.8,2.7,41,33.3
2134,9,86,2,442,10,4.2,3.8,78,62.7
2135,6,70,7,436,23,8.9,6.3,34,47.4
2136,1,94,2,180,16,4.0,5.6,80,47.3
2137,4,96,6,304,7,8.4,2.2,98,71.8
2138,1,47,5,344,12,5.5,1.4,61,32.6
2139,6,54,4,217,19,8.7,5.8,78,48.0
2140,4,70,7,178,17,5.6,2.8,89,43.9
2141,3,92,8,99,21,7.3,4.5,75,54.0
2142,3,69,4,50,15,4.4,6.2,97,49.9
2143,9,85,1,492,1,5.2,4.9,70,57.1
2144,6,59,1,131,4,7.9,1.6,96,56.4
2145,9,99,1,65,17,6.6,2.3,42,56.3
2146,5,78,1,372,2,8.6,2.5,47,49.6
2147,2,92,5,224,21,6.1,2.8,80,54.5
2148,8,94,4,71,16,8.3,5.0,65,66.4
2149,5,51,9,157,15,6.2,4.5,63,44.0
2150,2,88,3,491,5,8.9,2.4,41,32.7
2151,4,56,7,93,18,8.8,1.5,34,33.7
2152,9,81,8,60,6,5.6,2.2,77,68.0
2153,4,69,6,498,17,8.4,7.9,69,61.4
2154,4,68,10,96,13,8.2,4.3,42,40.0
2155,2,58,1,406,5,5.1,7.1,55,33.2
2156,6,85,8,206,7,7.1,6.9,43,45.1
2157,2,50,10,389,14,4.4,4.6,40,30.0
2158,7,73,3,71,14,8.2,5.9,67,47.1
2159,3,89,8,437,14,4.9,2.3,86,37.7
2160,3,46,4,452,15,4.4,5.8,51,40.0
2161,5,83,8,431,0,6.0,2.9,45,32.2
2162,3,97,1,486,10,6.9,6.8,58,42.1
2163,2,73,3,106,24,8.3,1.6,31,30.0
2164,10,98,6,128,4,8.9,6.4,83,64.2
2165,9,59,9,499,4,6.2,1.7,31,59.8
2166,2,89,2,416,20,4.3,7.2,32,34.6
2167,2,77,1,244,5,7.7,3.1,85,37.3
2168,8,63,10,267,1,6.8,5.6,40,45.2
2169,9,49,3,88,5,6.2,4.4,61,44.0
2170,7,71,4,139,13,5.5,3.6,33,44.5
2171,3,91,5,86,10,6.5,5.5,38,42.1
2172,9,54,3,80,3,5.7,7.6,85,66.8
2173,3,76,10,463,23,7.8,1.3,45,30.3
2174,5,59,2,346,24,6.7,7.4,39,35.5
2175,9,42,2,427,8,8.4,5.3,65,46.3
2176,3,76,7,210,23,6.7,6.7,53,47.2
2177,7,96,9,489,2,5.2,3.7,93,67.8
2178,1,79,10,208,15,8.3,4.3,85,50.4
2179,4,47,2,170,10,6.8,7.1,51,35.2
2180,4,79,7,305,3,5.0,3.9,81,43.5
2181,7,83,7,463,0,7.1,4.7,79,67.2
2182,8,95,7,421,24,5.8,1.1,76,70.4
2183,1,62,3,115,20,8.2,2.1,52,39.4
2184,5,79,7,331,21,6.3,5.5,48,54.6
2185,7,50,1,328,15,7.6,6.0,81,50.4
2186,4,85,10,282,18,4.5,5.1,63,58.9
2187,4,47,1,116,15,6.0,2.0,58,38.5
2188,4,68,5,472,10,8.9,4.1,90,48.4
2189,6,69,2,132,7,8.0,3.5,64,48.3
2190,7,95,9,495,22,4.8,4.5,34,52.5
2191,2,99,7,144,0,5.4,7.1,36,36.0
2192,5,49,4,475,20,5.6,6.4,70,51.8
2193,4,78,4,482,8,7.3,1.6,31,42.6
2194,3,67,2,455,11,7.8,7.2,39,34.0
2195,7,88,5,151,21,7.7,4.3,73,61.0
2196,6,75,4,437,7,6.5,6.2,99,76.6
2197,7,52,1,472,16,8.1,2.0,64,38.9
2198,5,71,8,436,9,6.2,5.7,91,46.8
2199,6,75,3,140,6,4.6,2.7,49,36.3
2200,5,76,6,216,18,6.8,4.1,64,47.0
2201,7,65,4,313,24,8.8,1.1,66,54.5
2202,2,61,9,141,5,8.0,2.1,83,41.0
2203,5,43,7,301,20,6.9,1.6,57,37.0
2204,6,70,9,404,23,7.2,2.7,99,60.0
2205,6,57,10,279,23,8.7,1.7,61,46.4
2206,5,77,3,58,18,6.1,5.8,40,43.6
2207,10,63,1,73,17,5.7,1.2,71,65.5
2208,7,95,5,493,14,8.9,5.3,52,60.7
2209,10,62,3,180,1,8.3,2.0,59,63.1
2210,8,61,6,308,13,5.6,7.6,38,52.5
2211,7,41,8,219,20,6.3,7.5,88,50.7
2212,5,70,4,295,9,6.1,2.6,57,44.0
2213,1,94,5,35,15,4.7,5.3,62,35.2
2214,5,50,5,424,6,8.8,1.2,76,43.8
2215,10,67,4,192,7,6.0,7.5,51,49.5
2216,2,85,4,267,9,8.4,4.7,58,46.8
2217,5,71,4,402,14,4.9,1.3,63,49.1
2218,5,44,4,237,7,6.7,3.4,71,46.2
2219,2,77,4,106,12,4.1,1.5,81,35.6
2220,5,49,5,101,11,7.8,3.8,76,54.5
2221,4,79,2,81,7,6.9,5.7,80,44.4
2222,1,85,2,306,14,7.1,4.3,74,33.2
2223,3,63,9,61,11,4.3,3.7,63,37.6
2224,1,74,2,31,10,5.1,1.8,50,51.0
2225,5,83,6,340,18,4.4,2.7,42,42.8
2226,4,87,2,253,13,5.4,1.7,83,48.9
2227,7,99,5,348,17,7.1,6.7,54,54.4
2228,5,62,4,150,12,6.8,1.9,50,41.4
2229,10,56,7,134,3,7.1,5.2,30,44.0
2230,4,40,7,237,16,6.7,3.4,87,43.6
2231,2,94,6,156,18,5.4,2.6,98,60.0
2232,4,70,10,125,8,5.2,5.5,42,43.0
2233,2,70,5,198,22,4.7,4.2,81,33.7
2234,8,81,1,35,6,8.2,3.8,52,50.9
2235,3,96,3,491,0,7.1,5.1,50,40.1
2236,9,94,9,261,6,4.9,4.4,35,58.1
2237,4,81,1,353,6,4.9,3.1,49,50.8
2238,6,92,5,400,19,8.4,4.9,69,55.0
2239,10,95,2,406,6,7.7,5.7,38,57.7
2240,5,73,4,245,7,7.3,1.2,79,64.0
2241,10,48,1,261,15,6.0,4.3,57,55.9
2242,1,61,3,427,2,5.3,1.4,40,33.2
2243,9,52,10,476,12,8.9,2.3,85,74.5
2244,1,64,7,160,9,8.0,4.9,64,39.8
2245,8,87,10,405,17,5.5,7.1,54,42.8
2246,9,57,3,218,6,8.2,7.2,48,54.2
2247,9,90,4,131,20,7.8,1.5,60,51.0
2248,1,51,2,146,20,5.5,3.9,79,36.0
2249,2,79,3,40,4,6.1,5.1,92,33.2
2250,1,56,9,166,22,4.9,2.0,76,34.4
2251,10,54,3,108,24,4.6,6.4,30,42.6
2252,2,81,5,322,23,7.6,6.2,87,40.5
2253,10,54,2,425,21,5.3,7.3,39,43.9
2254,8,54,4,222,6,8.1,1.1,37,53.6
2255,5,94,7,436,24,9.0,2.5,55,48.8
2256,7,78,7,435,21,4.4,6.8,63,55.7
2257,2,52,3,467,16,6.4,5.7,48,30.0
2258,8,56,5,104,3,8.0,7.3,30,41.5
2259,6,71,1,186,23,7.9,1.4,77,54.2
2260,8,48,10,403,22,7.8,5.2,54,42.1
2261,1,79,10,487,15,5.7,5.0,53,30.0
2262,1,59,10,91,18,6.3,1.2,76,43.4
2263,7,65,1,317,9,7.0,4.6,98,62.9
2264,8,66,5,28,2,8.9,5.3,96,59.4
2265,3,60,10,300,2,5.6,2.3,61,38.1
2266,5,57,9,492,16,8.6,2.9,46,44.4
2267,1,52,1,277,9,5.3,5.5,90,34.3
2268,7,55,1,294,16,8.9,4.3,98,55.4
2269,5,48,4,257,21,7.4,7.0,40,30.0
2270,8,51,4,39,16,6.3,3.4,67,42.1
2271,8,83,2,252,20,7.1,2.9,97,57.3
2272,9,77,9,240,3,5.4,7.9,48,55.7
2273,7,58,9,345,20,5.4,7.4,46,46.0
2274,1,99,2,36,22,4.6,1.2,42,42.8
2275,3,46,9,399,5,4.6,6.4,30,30.4
2276,8,96,6,108,11,5.7,1.8,31,46.0
2277,3,74,8,215,24,7.8,1.2,95,62.4
2278,8,87,10,369,21,7.0,2.9,97,77.1
2279,1,57,4,103,24,4.5,2.9,45,30.0
2280,5,55,2,406,19,8.3,6.7,33,37.0
2281,4,94,2,106,16,7.0,6.0,86,48.0
2282,5,78,9,326,16,8.8,7.9,52,48.3
2283,8,43,1,357,9,7.4,6.0,31,45.5
2284,10,98,7,173,6,4.9,3.9,96,87.6
2285,4,64,3,459,15,6.4,5.9,55,44.0
2286,4,71,3,247,12,7.2,8.0,36,38.1
2287,3,79,2,467,2,4.1,6.0,73,39.5
2288,7,52,10,283,1,4.1,6.3,62,48.1
2289,3,84,6,484,15,4.6,7.6,93,58.1
2290,3,56,10,242,5,5.3,1.8,65,40.9
2291,10,88,2,440,5,6.1,5.9,33,48.5
2292,5,76,10,140,12,6.4,7.0,52,35.3
2293,5,45,4,430,6,4.7,7.7,54,38.6
2294,6,58,10,192,4,7.4,2.5,56,49.9
2295,8,52,9,23,23,7.0,4.5,80,50.2
2296,10,96,9,361,6,5.5,5.8,98,80.1
2297,6,99,6,147,1,4.1,2.7,52,50.9
2298,1,65,4,493,16,4.4,5.2,38,30.0
2299,8,53,7,499,12,6.0,2.8,62,50.6
2300,8,70,1,491,24,4.8,3.3,64,49.1
2301,9,93,4,129,20,5.9,4.1,79,66.1
2302,9,43,5,374,20,7.1,4.7,53,55.6
2303,2,99,8,56,15,6.7,4.1,53,37.7
2304,2,78,2,499,19,5.2,4.5,48,38.9
2305,3,47,5,90,1,5.7,3.1,68,37.9
2306,1,64,6,308,4,7.1,2.1,90,43.1
2307,4,52,5,50,17,8.3,1.3,54,45.9
2308,4,71,9,458,6,7.8,2.4,54,46.1
2309,9,98,10,400,10,6.8,5.1,56,67.4
2310,9,77,1,287,24,5.8,6.5,61,59.1
2311,9,77,3,30,24,5.8,2.2,40,49.5
2312,10,95,2,363,10,8.4,1.8,98,74.7
2313,7,67,3,347,21,4.2,6.2,62,45.4
2314,2,92,10,51,16,8.9,3.1,48,44.6
2315,10,69,9,76,15,7.3,7.7,45,53.3
2316,5,42,9,185,12,7.4,6.0,40,39.5
2317,4,67,10,207,21,4.2,3.3,98,52.4
2318,8,42,2,361,4,7.0,3.0,84,53.1
2319,2,84,3,38,19,6.4,4.7,54,39.0
2320,6,93,4,135,15,4.5,1.6,63,43.1
2321,5,73,9,487,21,5.4,1.8,41,45.5
2322,2,55,3,203,21,8.5,2.2,50,33.8
2323,10,61,7,289,15,6.7,6.4,58,57.2
2324,1,71,3,52,15,6.1,4.6,80,34.3
2325,8,77,7,29,13,4.4,1.1,52,46.4
2326,2,47,7,99,5,7.6,5.7,62,38.0
2327,7,94,9,211,1,7.5,4.0,37,52.7
2328,9,47,2,339,13,7.1,4.6,71,51.9
2329,9,96,6,209,15,6.6,2.5,98,69.2
2330,8,45,9,87,22,6.2,4.9,70,50.4
2331,10,53,2,494,19,7.0,7.9,92,54.1
2332,9,71,2,367,12,5.2,1.5,43,44.9
2333,2,74,5,144,14,8.7,3.0,91,50.4
2334,6,49,10,446,11,6.9,2.7,75,45.1
2335,4,42,10,355,8,5.6,2.7,96,47.3
2336,4,98,10,78,17,6.2,3.7,82,60.0
2337,5,51,8,455,20,8.0,6.7,81,42.0
2338,3,88,9,116,13,4.8,7.4,36,31.5
2339,1,98,2,294,19,5.5,2.4,83,63.1
2340,8,70,5,168,24,7.4,4.8,40,45.6
2341,5,68,7,297,3,5.6,5.5,54,48.2
2342,3,44,6,284,7,8.0,4.7,88,54.3
2343,10,91,6,28,7,4.7,4.0,95,75.6
2344,7,64,7,476,21,7.8,2.3,56,48.8
2345,7,80,3,302,21,4.3,4.4,87,55.9
2346,1,70,3,292,15,4.1,3.8,40,30.0
2347,9,60,10,447,23,8.5,6.6,84,66.4
2348,2,97,9,320,9,6.9,6.3,48,47.6
2349,5,59,8,27,24,5.8,1.9,68,43.2
2350,5,78,5,227,20,5.2,1.6,99,48.8
2351,8,61,6,421,16,7.1,7.4,40,36.9
2352,8,43,10,144,0,6.5,4.7,43,52.2
2353,7,52,1,142,17,9.0,7.0,89,50.6
2354,7,84,10,52,9,8.9,1.4,65,61.8
2355,6,81,1,20,20,7.2,4.7,70,45.2
2356,6,89,4,223,3,6.2,4.8,31,35.9
2357,9,88,2,25,0,6.5,7.0,86,69.2
2358,6,59,7,316,3,7.4,1.7,89,54.2
2359,2,91,2,458,3,4.5,2.7,49,45.8
2360,2,52,10,24,3,5.6,3.8,51,31.4
2361,5,56,2,462,16,4.4,7.1,33,31.1
2362,4,93,5,99,8,4.4,7.6,85,56.1
2363,2,75,4,293,18,5.0,7.9,87,46.8
2364,3,72,8,196,12,6.4,7.7,94,53.2
2365,7,40,4,357,3,7.9,1.0,87,48.3
2366,8,54,6,340,4,6.4,1.3,59,55.2
2367,6,52,5,358,12,5.7,2.0,48,49.7
2368,5,56,2,457,22,4.4,3.4,91,45.5
2369,1,63,8,464,15,6.8,6.8,97,38.1
2370,8,97,2,155,21,5.4,7.2,73,68.3
2371,3,47,9,406,4,7.1,2.3,90,39.6
2372,6,89,9,44,7,8.9,5.3,50,58.0
2373,3,66,3,344,15,4.6,7.4,39,31.5
2374,7,84,4,202,0,5.1,4.2,59,39.9
2375,7,62,8,187,22,6.4,1.7,53,57.9
2376,9,85,9,486,5,8.8,4.2,77,46.6
2377,5,47,3,357,10,7.9,3.6,84,30.8
2378,8,47,5,197,15,8.5,5.0,81,55.9
2379,10,98,8,392,4,5.7,4.1,67,71.4
2380,10,65,3,114,15,9.0,1.1,96,61.4
2381,8,86,7,52,6,4.5,8.0,37,51.7
2382,1,98,8,130,18,4.3,4.8,58,30.0
2383,5,52,10,165,0,8.3,4.3,39,45.2
2384,3,78,3,400,8,8.6,7.7,98,50.3
2385,1,76,2,460,17,4.5,2.1,97,42.8
2386,4,88,10,250,12,4.6,2.3,78,53.9
2387,8,67,7,291,14,4.2,6.7,87,59.9
2388,3,64,9,355,2,4.5,2.8,64,41.4
2389,10,55,1,57,23,5.0,6.6,79,41.1
2390,2,94,3,444,9,8.9,2.9,69,62.2
2391,9,41,5,154,8,7.3,1.2,41,54.9
2392,10,93,3,353,12,7.9,4.6,45,51.4
2393,5,57,1,254,15,7.9,2.4,77,43.0
2394,7,56,7,456,2,6.7,6.3,30,39.5
2395,2,69,7,338,21,8.0,5.5,94,53.4
2396,9,78,10,387,22,7.0,7.5,51,41.8
2397,9,52,8,364,14,5.6,6.5,44,44.4
2398,4,71,5,179,16,6.8,2.3,96,39.4
2399,4,89,10,57,13,6.7,6.6,43,43.9
2400,6,68,5,169,6,8.1,5.5,48,42.1
2401,10,85,5,419,19,8.9,5.7,69,64.7
2402,10,69,1,327,15,6.1,6.8,33,44.8
2403,10,57,10,48,20,7.8,5.0,62,52.8
2404,6,52,5,163,7,4.5,4.3,72,49.3
2405,1,82,6,95,3,7.9,5.5,66,43.6
2406,9,60,1,164,19,5.9,3.1,95,62.3
2407,2,69,7,248,23,4.2,2.3,56,36.7
2408,5,60,1,83,14,5.8,5.3,74,39.0
2409,9,87,2,366,4,7.1,2.6,79,62.5
2410,4,94,2,364,12,4.6,1.6,92,57.9
2411,3,56,5,288,5,8.6,1.0,35,30.0
2412,7,79,10,347,4,4.4,5.3,96,63.8
2413,6,58,7,203,16,8.7,3.5,96,57.0
2414,8,91,1,280,6,7.5,6.3,88,61.9
2415,3,54,10,287,5,5.6,3.6,42,34.4
2416,5,48,1,188,1,6.0,4.4,50,30.0
2417,10,91,1,278,10,7.7,3.8,93,65.7
2418,4,49,6,246,6,7.0,5.6,66,51.7
2419,4,83,2,52,21,7.4,3.5,77,49.2
2420,4,70,1,396,20,5.9,7.7,85,41.9
2421,10,92,6,233,7,6.4,7.6,73,65.1
2422,8,62,2,69,4,8.9,6.9,42,48.4
2423,6,91,6,459,17,5.1,7.4,33,50.8
2424,3,69,10,412,21,6.1,4.1,62,41.5
2425,10,72,8,229,15,5.5,4.8,66,63.5
2426,5,96,2,453,13,7.8,6.2,82,66.4
2427,6,91,9,48,11,7.8,5.9,53,60.8
2428,5,48,8,58,16,5.5,7.2,80,60.0
2429,6,93,10,366,4,4.4,6.0,70,51.9
2430,8,86,1,119,13,4.1,8.0,58,63.4
2431,7,40,7,192,5,6.1,3.4,88,44.4
2432,5,83,10,36,14,6.1,6.8,69,54.2
2433,10,74,6,75,6,8.9,5.9,80,69.1
2434,6,50,6,245,13,6.3,5.8,79,43.0
2435,4,73,6,65,17,5.3,3.3,65,45.9
2436,9,55,6,86,0,8.5,6.5,89,64.4
2437,4,48,10,216,5,6.5,7.3,47,31.0
2438,1,71,7,161,2,7.0,2.5,49,47.5
2439,7,54,3,342,4,4.5,5.4,34,30.0
2440,7,51,6,42,11,5.9,3.7,47,57.3
2441,4,72,3,113,10,8.7,7.9,69,50.7
2442,3,84,7,261,12,6.9,4.4,30,38.6
2443,8,53,7,256,15,5.7,2.6,48,45.1
2444,5,96,8,464,17,7.1,3.7,55,49.7
2445,10,96,2,426,16,8.6,5.6,58,62.1
2446,7,47,9,430,16,5.4,1.5,88,53.0
2447,4,47,5,73,10,6.5,5.2,92,52.1
2448,4,66,9,157,19,8.8,7.5,91,63.6
2449,8,51,10,492,9,4.9,7.0,77,53.5
2450,8,40,5,352,15,7.6,1.5,91,47.8
2451,2,82,7,291,1,7.1,8.0,47,34.1
2452,2,79,9,60,16,7.4,5.9,95,47.7
2453,3,81,4,117,21,5.8,2.1,56,35.6
2454,3,90,2,202,19,5.6,1.1,35,32.0
2455,1,50,9,147,9,7.4,2.2,99,56.6
2456,3,78,2,248,12,5.1,6.9,88,46.8
2457,6,82,3,336,11,6.1,1.2,35,40.6
2458,8,70,10,105,14,4.9,2.6,60,61.4
2459,10,56,2,275,6,4.0,6.3,85,47.6
2460,6,72,3,228,21,8.9,5.1,83,45.3
2461,5,71,6,234,20,6.2,6.5,70,41.5
2462,4,97,3,393,12,8.8,6.2,47,58.0
2463,3,68,10,119,11,4.7,1.4,52,39.8
2464,4,60,8,68,11,6.9,7.2,65,30.0
2465,7,60,6,220,1,5.0,2.6,54,56.0
2466,1,79,7,455,4,8.0,4.9,36,32.4
2467,7,62,1,277,24,7.9,5.5,49,31.6
2468,1,95,3,499,24,4.6,2.2,34,33.5
2469,2,45,3,395,1,8.6,7.8,47,31.2
2470,4,61,2,197,22,5.0,4.4,62,41.8
2471,1,89,7,264,19,7.1,1.4,64,56.5
2472,9,77,9,142,12,8.9,7.6,94,59.7
2473,6,76,4,361,2,8.4,5.1,92,56.4
2474,1,84,5,190,10,8.8,5.9,70,36.6
2475,1,90,3,352,15,5.7,4.7,79,32.0
2476,6,93,9,155,0,4.5,6.8,59,59.6
2477,4,47,4,78,18,4.9,1.2,67,42.2
2478,4,80,5,212,10,6.5,2.9,64,49.1
2479,6,88,1,484,8,8.0,4.3,95,61.3
2480,7,74,2,287,13,4.8,1.5,75,48.9
2481,9,90,9,279,8,7.3,5.9,37,50.6
2482,10,50,2,392,6,5.6,3.8,97,59.1
2483,5,63,5,480,15,5.7,2.9,66,53.5
2484,9,88,8,114,2,7.3,1.0,42,71.3
2485,4,60,3,144,18,6.3,6.0,74,47.0
2486,10,90,6,60,3,8.1,6.8,58,63.0
2487,2,41,4,398,6,4.8,3.8,70,33.6
2488,3,79,7,273,22,7.9,4.9,85,49.3
2489,1,58,10,26,11,4.3,2.6,45,30.0
2490,6,78,3,490,17,5.0,5.4,41,44.2
2491,6,67,6,235,4,7.3,1.1,95,47.5
2492,1,98,10,88,22,8.3,4.4,91,51.3
2493,3,56,9,88,22,5.3,5.5,48,47.0
2494,5,45,10,100,21,5.6,7.4,59,45.4
2495,3,58,1,49,9,6.7,3.7,45,30.0
2496,10,95,3,92,11,5.1,6.4,42,57.5
2497,3,77,2,281,7,8.1,5.2,98,43.0
2498,10,67,8,108,18,7.9,7.5,52,55.9
2499,3,41,7,422,14,4.7,3.8,91,47.2
2500,5,77,2,227,0,6.3,3.2,60,50.9
2501,5,94,6,232,2,7.9,7.2,82,73.1
2502,4,76,3,341,17,5.7,1.3,46,50.2
2503,1,90,8,285,17,7.2,2.0,78,48.6
2504,5,91,10,419,1,4.3,1.6,78,61.9
2505,10,43,3,312,4,7.0,6.9,96,55.1
2506,5,61,10,226,0,4.8,1.1,55,37.7
2507,4,65,9,352,9,8.2,7.0,42,48.9
2508,6,88,1,96,19,5.8,4.2,67,58.8
2509,10,82,5,307,9,5.4,1.0,51,58.7
2510,4,75,3,66,4,8.2,3.8,58,46.0
2511,7,97,6,129,17,4.3,2.3,74,69.2
2512,7,52,10,219,20,6.0,5.4,75,56.7
2513,2,91,2,446,14,5.9,5.8,68,32.2
2514,3,97,9,229,19,5.4,4.4,98,58.1
2515,1,71,6,395,7,8.6,1.3,97,45.1
2516,8,56,7,439,16,7.8,5.6,68,60.0
2517,9,80,5,173,11,4.3,6.9,49,60.7
2518,4,75,9,29,20,7.6,6.0,97,62.7
2519,6,94,1,434,11,6.6,6.8,64,43.9
2520,9,99,5,372,0,8.5,2.4,37,54.7
2521,6,85,10,176,3,5.6,7.2,81,64.4
2522,9,58,6,280,7,6.9,3.3,69,51.5
2523,4,97,7,96,0,6.5,1.1,65,42.8
2524,8,99,4,276,14,6.4,6.9,35,57.2
2525,9,74,1,490,17,6.3,7.6,99,56.8
2526,4,85,8,150,0,5.0,5.6,45,56.5
2527,5,79,10,86,10,7.8,2.6,75,56.9
2528,8,95,4,474,22,6.3,2.8,88,66.2
2529,10,98,3,247,1,8.8,4.3,67,64.1
2530,6,67,7,182,0,5.3,7.3,47,54.8
2531,7,40,2,34,11,7.4,2.0,41,41.9
2532,3,81,8,251,15,8.7,6.8,83,46.4
2533,7,57,6,214,21,7.3,3.0,76,46.5
2534,8,87,7,368,21,8.4,6.7,30,51.6
2535,10,79,5,49,9,8.1,7.4,44,49.6
2536,6,72,9,378,17,5.8,4.0,50,55.6
2537,10,51,5,357,14,7.0,3.6,30,35.3
2538,9,47,5,350,16,4.8,6.6,96,54.1
2539,6,63,3,446,9,6.7,4.7,41,45.7
2540,9,55,1,335,2,5.2,5.8,57,50.2
2541,4,89,2,315,20,7.7,5.4,68,43.0
2542,8,43,8,468,15,6.6,2.1,66,54.8
2543,4,77,1,432,5,6.1,6.9,89,40.9
2544,2,83,7,349,2,5.3,2.4,60,42.5
2545,10,66,5,239,8,9.0,7.5,87,66.7
2546,9,48,3,396,10,4.4,2.8,40,48.0
2547,5,86,7,498,20,4.2,6.1,58,43.4
2548,4,55,9,166,12,5.1,3.0,42,46.1
2549,2,95,2,278,17,8.9,3.2,80,49.2
2550,1,51,8,311,21,8.9,3.2,83,43.9
2551,7,70,9,318,23,7.3,6.2,48,60.4
2552,6,63,3,162,21,8.4,4.9,87,59.2
2553,2,94,2,444,3,5.1,7.2,65,49.3
2554,8,53,7,254,21,8.9,3.2,57,52.3
2555,4,84,5,134,23,4.7,5.8,97,57.9
2556,8,64,5,384,7,4.5,6.3,32,45.5
2557,7,73,10,109,12,4.6,2.1,70,47.5
2558,5,42,5,227,9,6.9,3.8,64,42.0
2559,10,97,4,183,1,7.9,4.4,79,70.6
2560,10,63,5,103,7,5.8,3.5,59,60.3
2561,8,93,4,96,5,8.9,3.3,99,67.0
2562,9,81,6,180,15,6.2,5.8,83,57.2
2563,5,48,4,24,17,4.8,2.5,80,48.2
2564,10,65,2,97,16,6.3,6.0,57,44.6
2565,5,59,9,110,5,7.4,7.5,93,60.5
2566,2,79,2,106,12,8.2,5.0,50,35.7
2567,5,49,9,289,22,6.3,5.3,56,42.7
2568,3,58,10,123,13,7.0,1.5,56,44.9
2569,7,42,6,471,20,5.3,7.1,79,50.0
2570,10,63,9,358,9,7.2,3.0,58,49.1
2571,5,44,9,194,23,8.9,5.3,68,49.2
2572,8,42,3,73,10,4.2,7.9,86,49.5
2573,1,97,1,407,12,8.4,5.2,66,37.6
2574,3,66,1,497,11,6.8,6.1,93,38.2
2575,3,55,3,230,8,5.3,4.1,77,36.4
2576,9,88,5,114,3,8.8,1.4,51,51.8
2577,5,54,3,242,6,6.4,6.6,59,51.3
2578,9,74,9,28,23,5.7,1.2,57,69.6
2579,9,51,9,72,21,4.9,5.9,52,52.8
2580,1,80,3,96,1,5.2,1.2,33,31.0
2581,2,92,3,225,6,8.2,7.0,32,35.1
2582,5,83,5,335,8,7.1,2.1,90,61.6
2583,4,65,2,321,4,8.6,4.6,33,48.2
2584,10,86,6,329,14,5.2,5.2,94,64.3
2585,9,73,7,349,17,4.6,4.2,41,44.8
2586,7,62,9,131,3,4.0,3.4,42,57.0
2587,6,70,6,370,18,6.5,4.3,63,36.7
2588,7,89,3,184,19,9.0,3.2,88,54.7
2589,1,59,5,298,6,7.5,4.1,60,31.7
2590,1,51,4,46,7,5.5,3.5,42,30.0
2591,8,62,5,89,16,8.4,5.0,83,64.1
2592,2,43,8,237,12,7.9,2.7,31,34.5
2593,10,62,8,469,23,4.1,7.9,62,51.0
2594,9,87,6,384,20,8.1,4.5,79,73.8
2595,7,94,1,208,22,5.5,2.4,36,60.4
2596,6,87,8,352,10,4.7,4.3,47,49.6
2597,1,40,8,454,0,5.1,7.1,80,30.0
2598,1,93,2,325,1,6.3,1.2,37,52.5
2599,2,64,4,143,16,6.1,5.8,84,45.0
2600,6,41,2,38,4,5.4,4.8,72,42.7
2601,6,69,4,276,5,4.9,2.2,88,62.7
2602,2,42,10,315,24,7.8,6.7,59,35.0
2603,1,97,7,435,23,9.0,3.6,88,47.0
2604,10,60,9,41,6,7.9,3.1,38,55.1
2605,5,64,8,387,20,5.5,6.8,97,58.5
2606,5,59,9,496,14,5.2,5.5,68,31.3
2607,2,88,8,469,18,5.1,7.3,40,35.9
2608,6,91,2,59,15,4.7,5.4,31,54.3
2609,9,61,7,57,24,6.8,6.2,52,48.4
2610,2,60,2,67,12,7.0,6.9,92,50.3
2611,10,72,2,202,4,7.5,1.4,51,67.2
2612,2,91,4,94,2,7.4,6.4,90,47.8
2613,3,77,1,228,2,5.5,5.3,55,34.4
2614,7,54,5,202,18,5.7,1.5,41,41.8
2615,6,97,6,454,13,7.4,4.6,61,74.5
2616,8,97,9,126,15,5.7,1.6,38,71.5
2617,8,85,10,207,21,5.1,6.2,98,66.2
2618,6,91,8,283,16,5.9,4.8,62,50.4
2619,10,54,2,105,3,5.4,7.7,53,49.8
2620,3,85,1,343,12,4.4,2.3,98,51.6
2621,3,64,2,350,7,8.2,5.2,67,30.7
2622,1,60,7,475,18,8.3,2.5,40,32.5
2623,7,63,4,156,4,5.1,5.3,61,56.6
2624,5,96,10,365,1,4.3,6.1,93,46.6
2625,4,97,5,405,14,7.7,6.1,49,53.1
2626,10,44,7,355,1,5.1,6.7,63,60.9
2627,4,45,3,114,10,6.0,7.0,71,32.5
2628,4,88,10,345,12,4.3,1.5,37,57.7
2629,6,82,2,264,22,5.1,3.4,95,51.5
2630,8,87,7,488,9,8.0,5.8,50,59.4
2631,8,83,5,109,2,8.0,4.5,99,62.7
2632,5,86,1,78,4,5.0,2.3,34,40.5
2633,6,62,1,422,2,5.7,4.9,96,46.3
2634,4,43,9,47,5,4.7,3.9,72,44.9
2635,9,66,5,91,12,4.4,3.7,45,56.8
2636,8,57,1,289,9,9.0,6.7,64,48.2
2637,10,60,7,43,18,7.3,3.9,72,50.1
2638,10,67,9,131,7,6.7,1.2,68,65.4
2639,1,74,1,319,17,7.8,1.4,39,35.5
2640,2,61,10,75,2,8.2,7.0,49,34.1
2641,9,79,4,493,23,8.0,7.7,30,63.5
2642,8,62,3,242,23,4.1,5.8,35,32.2
2643,3,42,5,139,16,4.9,3.6,82,30.0
2644,8,79,7,198,7,7.3,7.6,75,53.0
2645,1,89,8,307,9,5.9,5.6,95,52.9
2646,10,49,2,453,1,8.9,6.9,67,45.3
2647,4,64,7,444,11,7.3,6.4,62,35.5
2648,3,91,1,469,22,8.8,3.7,96,59.2
2649,6,88,7,300,5,5.0,4.4,64,56.8
2650,7,47,8,391,1,8.3,2.3,74,53.7
2651,4,94,2,208,20,5.6,3.0,51,51.5
2652,7,50,9,85,22,8.9,6.4,97,52.2
2653,9,44,1,317,23,4.8,7.3,46,39.3
2654,2,97,6,468,2,6.6,6.1,34,45.0
2655,3,84,1,439,16,8.0,4.3,86,38.6
2656,5,92,3,268,6,6.2,1.6,69,38.1
2657,3,94,6,95,20,6.3,1.4,59,45.2
2658,8,76,3,156,4,8.9,3.6,71,63.9
2659,10,95,8,183,22,6.1,4.2,36,62.7
2660,8,98,5,252,0,7.0,5.3,48,63.5
2661,8,84,2,274,7,4.3,1.0,70,43.5
2662,9,77,4,495,11,8.2,7.9,63,58.7
2663,4,68,9,313,13,7.2,3.5,51,48.1
2664,5,44,4,436,15,6.0,6.9,81,31.8
2665,5,48,10,189,9,4.1,4.7,35,42.2
2666,8,98,10,336,14,7.0,1.9,54,62.1
2667,7,87,8,193,20,4.1,6.6,95,82.5
2668,9,41,5,489,23,4.0,6.0,39,30.0
2669,8,40,10,364,14,7.1,4.7,55,56.8
2670,2,79,1,464,9,4.9,4.6,34,30.0
2671,10,99,7,37,20,5.0,1.6,97,63.0
2672,4,90,3,89,6,7.3,5.6,79,47.0
2673,6,69,10,357,2,4.3,7.4,46,46.8
2674,2,50,8,135,1,5.6,1.7,40,38.7
2675,7,67,3,99,5,4.7,2.8,82,65.2
2676,3,83,1,34,20,6.9,7.3,79,54.3
2677,3,51,5,195,8,7.3,3.0,37,30.0
2678,2,78,2,475,9,7.6,5.6,91,52.6
2679,8,65,4,288,3,5.3,4.7,58,52.9
2680,6,52,1,138,2,4.4,5.2,73,38.1
2681,1,98,9,318,8,4.4,3.9,74,45.1
2682,1,47,6,207,23,6.1,3.1,58,30.0
2683,7,93,8,76,21,8.7,1.3,88,66.3
2684,8,67,4,218,16,5.1,6.2,44,41.9
2685,5,97,9,36,13,5.3,6.2,99,53.4
2686,5,69,2,453,9,4.5,5.7,73,48.1
2687,4,48,9,307,12,7.0,5.5,65,44.7
2688,6,78,5,425,11,7.4,2.7,86,55.2
2689,6,70,6,74,0,7.2,1.2,93,66.7
2690,3,97,3,460,21,8.3,6.7,67,45.6
2691,9,60,4,288,18,6.4,4.4,46,47.6
2692,7,95,6,322,18,4.7,3.1,56,60.9
2693,1,86,7,106,5,5.4,1.7,46,37.6
2694,7,73,1,337,12,7.3,1.4,92,58.2
2695,5,94,7,457,18,7.1,3.4,40,31.7
2696,5,70,1,48,12,6.7,6.6,93,49.3
2697,2,91,5,41,21,7.4,7.4,68,31.1
2698,4,64,6,340,20,7.2,7.3,31,30.0
2699,6,51,2,304,3,8.4,7.4,95,38.9
2700,10,40,10,67,23,6.9,7.4,83,49.1
2701,7,94,9,24,1,7.9,4.7,58,54.9
2702,5,61,10,269,14,5.2,2.5,74,45.5
2703,9,79,6,182,11,7.4,6.6,60,62.3
2704,3,76,7,221,6,8.5,2.5,78,50.2
2705,1,86,10,486,19,5.9,2.9,38,30.0
2706,4,40,8,120,17,7.9,2.6,56,38.4
2707,9,40,10,90,22,7.6,4.6,85,58.2
2708,4,96,1,449,12,4.3,3.3,74,47.5
2709,2,81,8,182,16,6.9,2.1,72,45.6
2710,10,93,4,192,3,4.7,4.2,51,62.0
2711,5,81,10,160,24,8.8,7.1,62,56.4
2712,3,60,8,157,13,8.1,5.0,56,30.0
2713,9,54,6,85,19,4.5,7.1,69,49.8
2714,4,56,9,217,12,4.6,2.4,55,51.2
2715,6,61,4,347,2,7.0,2.2,74,59.4
2716,2,77,2,247,17,5.7,5.0,74,46.4
2717,6,74,2,300,13,4.2,4.2,55,49.3
2718,3,84,5,191,14,6.7,5.6,99,62.9
2719,9,55,10,335,2,5.9,6.6,96,73.5
2720,2,47,9,450,0,4.5,6.3,35,30.0
2721,9,86,3,59,23,8.0,7.6,57,50.3
2722,5,56,8,26,16,8.6,3.8,96,50.2
2723,8,56,4,193,2,7.8,2.4,42,68.8
2724,2,93,6,170,13,8.1,4.9,92,40.3
2725,6,65,10,230,2,5.1,1.8,42,43.0
2726,3,52,6,321,12,5.3,3.0,30,30.0
2727,10,56,3,105,14,5.0,2.5,69,56.4
2728,5,77,5,416,17,7.8,3.8,66,41.0
2729,8,56,3,272,13,8.7,1.8,60,50.2
2730,10,87,1,40,20,7.6,1.2,46,46.0
2731,1,53,7,276,2,8.4,5.6,38,32.6
2732,5,84,4,398,18,7.2,5.3,93,63.6
2733,3,45,7,422,7,5.9,6.0,86,36.7
2734,4,74,3,400,3,6.1,5.6,42,37.7
2735,2,85,5,463,3,4.4,1.8,66,42.1
2736,9,53,5,52,18,4.2,3.0,43,48.7
2737,3,86,2,279,10,7.5,1.9,54,43.3
2738,2,47,10,253,0,6.2,6.9,86,44.0
2739,10,54,2,22,7,6.8,6.2,71,62.6
2740,9,93,4,366,14,6.8,2.4,71,58.5
2741,7,66,4,327,0,5.4,3.4,76,50.0
2742,6,52,4,246,6,6.4,7.8,73,50.2
2743,1,88,6,303,20,6.4,5.2,70,32.1
2744,5,70,2,89,19,5.9,6.6,32,30.0
2745,3,92,6,473,19,8.1,2.9,30,43.7
2746,1,95,7,458,23,6.3,2.5,40,43.1
2747,4,74,10,332,10,7.0,6.5,36,35.9
2748,2,99,3,383,13,8.5,5.8,41,36.7
2749,2,45,8,490,21,8.3,5.8,67,30.0
2750,3,44,2,273,15,8.5,4.9,83,31.8
2751,8,61,8,163,13,5.4,4.9,96,63.6
2752,8,97,5,43,11,4.2,6.1,82,53.9
2753,7,88,2,472,16,5.3,2.9,61,52.0
2754,6,62,7,444,13,5.4,3.5,74,43.4
2755,9,64,2,253,9,8.5,7.1,80,46.0
2756,4,73,6,352,23,7.2,3.2,66,52.5
2757,1,65,10,194,13,4.4,4.8,88,37.5
2758,8,86,3,351,17,4.7,5.9,83,60.3
2759,7,44,9,344,21,4.8,8.0,47,30.2
2760,7,65,3,376,8,7.2,4.0,30,37.7
2761,3,59,3,178,16,7.7,4.0,50,40.9
2762,4,45,5,367,5,8.3,6.9,57,54.0
2763,10,45,7,367,7,8.7,6.6,45,36.0
2764,9,98,8,305,12,5.0,6.1,77,64.4
2765,6,89,7,37,17,5.5,4.2,57,55.7
2766,5,57,9,63,4,5.2,3.3,51,38.1
2767,3,43,5,174,5,5.8,5.3,30,32.9
2768,9,56,10,374,20,8.6,7.1,71,50.4
2769,5,96,3,429,18,6.9,7.2,99,58.7
2770,5,53,6,396,3,7.7,1.8,32,34.4
2771,4,53,5,250,6,6.5,4.0,73,50.1
2772,4,52,4,390,3,4.1,4.3,56,31.4
2773,1,46,2,335,24,4.3,7.8,80,30.0
2774,7,83,7,421,10,6.7,5.7,53,59.5
2775,9,94,5,244,11,7.6,3.9,49,53.0
2776,3,54,4,236,13,5.1,1.2,61,37.6
2777,2,58,8,75,12,7.6,5.0,42,30.0
2778,3,82,9,50,9,8.1,1.7,72,42.5
2779,1,86,9,376,17,6.1,6.8,49,40.6
2780,6,83,3,78,15,7.7,6.3,31,37.2
2781,7,74,3,399,4,6.0,4.2,97,54.0
2782,2,56,5,405,7,7.4,4.0,89,44.5
2783,8,74,5,372,13,7.8,7.3,33,43.8
2784,6,58,10,442,4,9.0,3.0,46,52.5
2785,4,59,2,464,23,5.7,2.7,30,34.8
2786,5,75,1,254,7,6.1,7.6,62,46.4
2787,8,74,8,126,24,4.8,6.7,59,62.0
2788,3,71,3,210,5,5.0,6.7,34,34.9
2789,3,97,1,499,15,7.5,2.4,41,53.8
2790,4,87,1,37,3,8.6,2.0,61,54.1
2791,1,83,2,420,11,6.0,1.2,67,36.4
2792,9,79,6,245,10,4.9,2.7,46,64.6
2793,8,63,6,186,2,5.4,6.4,87,57.5
2794,8,56,3,90,11,6.3,2.7,69,48.3
2795,10,46,4,381,4,5.5,6.1,53,50.7
2796,6,82,2,73,5,5.2,2.8,41,53.7
2797,7,89,2,264,18,7.7,3.8,48,55.5
2798,6,40,7,369,17,4.0,7.9,58,50.9
2799,9,74,1,95,15,6.7,2.7,81,67.3
2800,3,71,7,54,22,8.0,3.6,46,43.8
2801,3,75,1,286,10,5.3,3.1,50,30.7
2802,3,52,6,336,4,7.0,1.8,89,42.6
2803,10,45,3,319,8,7.3,4.4,49,49.5
2804,3,97,8,140,2,7.3,3.7,82,58.8
2805,9,53,6,343,7,6.2,5.9,92,61.8
2806,4,76,2,44,5,5.7,6.7,86,47.9
2807,7,87,8,451,3,8.2,4.8,58,57.4
2808,9,54,5,179,11,7.8,1.2,30,52.8
2809,7,86,8,103,11,5.6,5.3,88,54.7
2810,9,43,8,133,24,4.5,1.4,93,69.3
2811,3,79,6,242,20,4.4,5.3,73,30.1
2812,4,98,2,407,15,4.5,5.8,77,60.4
2813,8,55,8,185,9,6.9,2.4,44,48.5
2814,6,67,6,210,21,4.3,6.7,64,53.4
2815,5,55,6,194,13,5.7,7.4,52,41.3
2816,4,43,8,20,12,7.8,6.7,82,44.1
2817,8,84,1,406,8,5.5,3.1,74,61.4
2818,1,65,2,248,6,7.8,5.1,42,35.2
2819,9,67,9,105,11,7.7,7.4,63,54.2
2820,1,71,8,81,4,5.2,3.2,67,45.9
2821,8,84,7,339,17,7.6,6.7,99,57.2
2822,4,41,7,420,3,7.7,1.1,97,46.4
2823,9,70,5,401,1,6.0,1.0,34,57.7
2824,5,42,2,225,2,5.1,6.3,69,44.2
2825,3,93,6,124,11,6.6,6.3,99,56.9
2826,9,47,10,337,2,8.6,6.5,50,47.5
2827,9,63,3,310,3,7.2,7.5,57,57.3
2828,4,54,4,269,5,4.9,1.8,32,30.0
2829,4,82,10,32,11,7.4,2.6,52,60.6
2830,8,70,2,182,18,6.1,7.3,48,46.9
2831,2,48,2,62,9,7.0,2.2,79,30.0
2832,9,78,8,405,0,7.7,5.8,87,56.0
2833,6,84,8,459,16,6.6,4.7,49,51.1
2834,9,41,10,130,15,8.1,1.6,82,58.4
2835,8,47,6,224,8,7.6,3.0,38,58.4
2836,7,46,5,403,24,7.1,4.6,33,32.1
2837,1,95,8,275,20,4.8,7.0,70,43.4
2838,3,83,4,326,8,8.2,6.0,54,34.7
2839,2,90,4,457,22,8.7,5.4,63,40.3
2840,5,78,5,163,8,4.7,4.5,38,54.0
2841,5,81,1,165,11,6.4,3.1,42,35.3
2842,5,96,1,410,22,5.3,1.8,38,50.5
2843,4,55,2,320,8,7.8,3.9,33,36.1
2844,5,74,8,183,14,7.6,1.2,63,50.6
2845,3,69,7,188,1,4.7,2.5,36,40.2
2846,1,49,10,497,10,8.4,4.0,44,30.0
2847,5,77,9,317,10,4.9,3.9,67,61.7
2848,9,57,5,252,7,8.0,1.3,81,72.3
2849,9,89,2,410,22,6.3,5.1,36,53.9
2850,4,44,7,290,5,5.6,4.8,74,56.7
2851,3,92,8,79,20,4.8,1.5,88,51.0
2852,1,68,7,315,19,4.8,7.6,50,34.4
2853,2,78,7,486,6,7.3,1.7,57,52.2
2854,8,99,5,254,2,6.8,7.0,32,50.3
2855,1,73,2,184,7,4.6,1.0,43,30.0
2856,8,82,6,213,17,4.6,7.2,31,37.1
2857,7,84,4,253,16,4.4,1.1,58,68.2
2858,8,62,10,387,10,7.7,6.3,47,46.9
2859,6,44,2,202,1,7.6,3.5,66,40.9
2860,9,69,9,352,24,4.3,6.2,74,50.3
2861,3,45,7,251,20,6.8,3.8,74,45.2
2862,10,95,6,380,23,4.4,1.5,53,58.3
2863,4,97,5,126,18,8.5,6.4,75,49.4
2864,6,85,3,397,6,8.5,1.5,41,51.5
2865,8,83,10,242,17,7.5,7.5,82,54.7
2866,5,43,10,99,7,8.6,1.4,74,45.4
2867,3,68,4,253,13,8.1,4.4,61,50.4
2868,6,62,3,400,6,8.1,6.1,47,45.4
2869,4,45,8,203,20,6.8,3.8,42,36.1
2870,9,71,3,447,3,5.5,2.5,33,51.4
2871,3,81,7,204,16,5.1,6.3,52,38.3
2872,4,57,7,153,4,5.6,6.5,91,59.5
2873,7,54,7,239,11,7.1,7.5,83,45.2
2874,7,79,7,307,8,4.9,3.6,84,59.7
2875,4,97,2,383,19,5.3,4.5,98,56.1
2876,6,71,10,221,12,6.3,3.5,69,60.0
2877,3,48,3,389,24,5.2,2.8,43,38.5
2878,6,76,10,165,17,6.9,6.3,57,50.5
2879,2,49,9,343,19,8.6,3.4,96,45.6
2880,8,59,3,146,8,7.7,4.0,58,52.0
2881,2,45,2,476,3,7.3,3.8,90,30.0
2882,7,87,9,154,20,6.9,6.0,97,52.5
2883,9,95,10,133,7,6.4,7.4,38,54.1
2884,1,98,9,283,0,4.9,5.7,46,36.4
2885,8,42,4,83,16,8.5,4.3,78,41.8
2886,7,81,9,154,24,5.2,6.5,92,65.2
2887,6,50,3,60,8,4.5,5.5,75,43.5
2888,6,82,7,315,19,7.8,1.4,42,49.1
2889,6,56,7,22,12,4.9,1.7,74,40.1
2890,9,71,8,420,1,5.9,1.3,82,62.6
2891,2,43,10,213,12,4.1,4.2,46,30.0
2892,1,43,4,482,8,4.7,6.8,76,30.0
2893,6,56,3,129,19,4.9,3.2,91,50.0
2894,10,80,3,240,5,4.3,3.7,79,64.3
2895,8,58,5,389,0,7.3,7.4,72,40.4
2896,3,44,1,387,24,8.2,6.9,97,40.6
2897,10,71,10,455,4,5.9,5.7,57,52.0
2898,1,61,3,425,2,8.4,2.9,74,31.1
2899,9,95,6,23,3,5.1,1.8,70,69.9
2900,1,45,3,263,0,5.6,1.1,65,44.6
2901,3,74,5,409,13,4.8,1.7,62,42.8
2902,8,61,9,185,8,7.1,3.0,54,46.9
2903,3,40,2,45,23,6.1,4.9,48,30.0
2904,4,59,2,414,3,7.1,1.4,76,50.4
2905,8,61,6,493,17,7.8,2.0,62,57.9
2906,1,87,6,36,13,6.7,2.3,96,67.9
2907,6,94,8,235,24,7.1,5.4,43,46.9
2908,1,50,2,111,3,8.7,5.3,62,31.9
2909,1,52,9,50,24,5.5,4.9,71,45.3
2910,8,98,2,224,9,5.8,2.8,94,76.2
2911,4,81,1,438,2,7.6,3.6,76,34.3
2912,1,42,10,419,22,7.1,1.7,64,33.5
2913,10,48,2,226,6,4.9,2.6,61,61.7
2914,7,99,7,126,9,5.9,7.3,84,82.1
2915,5,51,8,165,12,6.3,7.9,83,50.0
2916,5,62,5,386,3,6.1,5.5,80,44.2
2917,1,53,6,120,17,4.9,7.4,88,30.0
2918,10,72,1,387,10,8.6,5.5,43,69.2
2919,6,57,6,337,24,7.8,1.2,47,50.1
2920,9,88,8,387,3,6.4,8.0,84,58.6
2921,9,98,3,260,23,7.4,1.7,85,66.9
2922,8,80,1,430,13,8.5,5.8,78,59.6
2923,5,48,4,266,17,4.7,2.8,89,49.1
2924,1,62,1,182,7,5.3,3.7,82,30.0
2925,9,49,8,391,9,6.7,5.5,35,42.1
2926,1,58,5,192,4,8.0,4.1,99,30.0
2927,8,86,1,54,22,4.2,2.8,37,57.4
2928,5,44,8,303,6,8.9,3.3,44,36.7
2929,3,86,9,378,11,6.3,3.4,55,49.2
2930,7,91,10,400,24,5.8,7.7,68,67.9
2931,7,62,2,377,2,5.5,6.6,32,41.4
2932,9,69,9,412,3,4.9,4.2,86,61.0
2933,7,64,8,479,9,8.0,2.4,39,49.5
2934,3,67,7,418,3,8.8,6.7,32,35.6
2935,1,73,3,40,14,6.1,2.1,75,48.0
2936,8,84,2,327,9,8.8,2.5,51,57.5
2937,3,95,7,182,20,8.1,3.6,96,52.4
2938,8,87,5,116,21,6.4,7.2,94,70.0
2939,8,86,6,326,15,7.4,1.9,48,65.5
2940,5,64,4,358,14,6.2,1.9,91,41.5
2941,1,49,2,74,18,6.8,4.5,86,44.8
2942,10,53,9,490,19,4.3,2.9,42,54.4
2943,7,81,3,352,18,7.5,5.0,45,51.5
2944,10,96,7,146,17,4.3,4.2,45,68.6
2945,5,85,8,447,11,8.1,4.0,81,52.0
2946,8,97,2,212,24,8.1,1.8,70,69.1
2947,9,69,6,262,15,5.2,2.0,77,57.1
2948,7,94,8,368,0,5.6,6.7,68,47.7
2949,7,80,7,107,15,6.4,7.2,42,42.0
2950,1,64,3,355,1,7.0,2.6,33,32.8
2951,4,53,1,428,23,5.4,1.8,72,33.3
2952,2,74,6,234,14,7.0,1.4,75,55.6
2953,2,91,8,111,6,5.5,5.3,76,55.4
2954,2,87,6,322,0,4.3,6.0,82,54.6
2955,4,73,5,483,4,4.0,3.6,54,42.6
2956,1,49,8,254,9,4.5,5.8,70,33.9
2957,4,74,2,203,21,8.0,6.0,32,30.0
2958,2,50,1,57,20,8.8,7.5,42,34.0
2959,5,50,1,158,3,6.1,1.5,47,39.9
2960,3,60,4,214,13,6.6,2.3,66,43.8
2961,8,60,6,34,12,4.7,1.5,72,65.8
2962,4,61,9,276,0,6.8,7.1,63,38.0
2963,1,84,1,154,15,4.7,6.5,84,39.0
2964,1,46,1,20,22,7.1,5.0,81,34.0
2965,10,94,5,68,8,8.7,1.6,65,61.0
2966,3,56,10,115,21,5.0,2.9,83,42.8
2967,9,41,5,220,15,7.8,3.1,88,58.7
2968,7,51,5,432,18,4.1,4.9,81,46.3
2969,2,96,10,45,14,5.9,2.8,48,54.3
2970,9,81,6,362,13,4.6,1.5,41,44.9
2971,10,57,8,448,19,5.8,6.1,40,59.0
2972,2,93,3,254,9,4.9,3.1,77,50.7
2973,3,98,9,368,20,5.9,4.2,45,42.4
2974,10,50,1,263,11,6.1,1.9,76,48.8
2975,2,55,4,377,0,5.5,6.6,96,30.0
2976,3,88,9,346,20,7.3,5.0,60,41.6
2977,6,90,8,415,16,8.6,7.3,37,56.9
2978,9,57,10,370,8,6.0,4.5,90,60.1
2979,9,74,9,435,22,5.0,7.6,73,66.9
2980,7,92,1,393,18,5.4,7.2,79,51.6
2981,3,98,9,423,24,8.3,5.0,64,55.9
2982,4,65,3,394,17,6.9,7.5,90,40.4
2983,6,55,10,70,6,6.3,3.3,84,45.3
2984,5,45,9,100,8,4.7,3.6,95,47.1
2985,2,96,1,55,21,6.2,1.3,43,35.9
2986,6,83,1,86,20,5.4,5.1,33,32.2
2987,3,82,9,148,11,8.7,6.1,46,41.7
2988,8,86,6,389,6,8.4,6.4,98,65.8
2989,2,86,4,174,13,4.4,2.0,53,49.2
2990,1,87,7,264,14,6.6,4.1,78,51.2
2991,9,81,5,130,14,5.1,2.2,84,72.0
2992,3,51,10,187,5,6.1,5.6,52,40.9
2993,1,99,7,487,20,8.4,2.1,41,44.4
2994,7,52,8,161,13,6.6,7.3,40,33.5
2995,10,43,8,375,1,5.7,2.6,58,53.9
2996,5,78,1,216,7,5.0,3.0,91,55.9
2997,5,93,8,490,12,8.0,7.0,82,66.9
2998,1,41,6,128,22,7.1,4.2,77,37.4
2999,9,65,4,395,5,6.3,1.2,95,71.0
3000,7,98,8,98,4,5.1,4.5,77,54.5
